Date,Close/Last,Volume,Open,High,Low
8/5/22,479.2,282,501.1,518.5,473.6
8/4/22,500,372,491,502,470.6
8/3/22,493.2,362,521,521.3,483
8/2/22,521.2,227,541,541,520.4
8/1/22,534.2,351,529.8,545.2,514.1
7/29/22,527.1,307,534.6,535.1,523.1
7/28/22,536.7,371,555.2,559.2,531
7/27/22,555.2,201,549,561.6,542
7/26/22,556.6,374,565.3,574.5,531.2
7/25/22,572.2,280,583,583,554.3
7/22/22,585.3,256,617,617,576.2
7/21/22,623.2,243,623.8,630,599.4
7/20/22,631.6,127,648.1,648.5,623.1
7/19/22,646.3,147,642.1,648.7,628.2
7/18/22,640.8,176,655,659.9,626.2
7/15/22,648.8,187,642,650,618.1
7/14/22,646,277,660.6,664.2,634.3
7/13/22,683.3,121,670.2,695,670.2
7/12/22,679.3,125,677.7,700,671.5
7/11/22,696.8,199,690,707,658.1
7/8/22,707,323,730,749.5,693.4
7/7/22,725.9,404,686,735.4,686
7/6/22,686.5,217,644.7,689.1,624.4
7/5/22,648.4,234,658.7,674.1,620.7
7/1/22,669.7,324,631.6,686.3,627.5
6/30/22,637.3,389,593,643.4,587.5
6/29/22,594.4,299,581.2,602.2,580.2
6/28/22,581.2,270,586.3,597.5,576.8
6/27/22,583.5,111,581,592.3,574
6/24/22,581,191,594,598,581
6/23/22,587.3,233,590.6,604.2,567
6/22/22,591.5,216,604.5,607.4,585.2
6/21/22,610.1,422,591.8,630.1,591.2
6/17/22,581.1,250,574.5,591.8,566.6
6/16/22,569,211,560.1,578.9,556
6/15/22,563.5,378,546.7,568.4,530.8
6/14/22,538,217,519.3,552.7,518.5
6/13/22,528,191,549.6,554.6,517
6/10/22,555.9,155,555.8,564.5,550
6/9/22,568.3,177,570,582,558.1
6/8/22,573,267,591.4,592,566.1
6/7/22,596.8,211,601.1,610.9,585.4
6/6/22,600.3,162,634.7,634.7,589
6/3/22,623.3,296,605,630,595.6
6/2/22,598.5,331,600.8,624,594
6/1/22,608.6,420,644.8,644.8,604.5
5/31/22,653.5,270,698.8,699.2,649.8
5/27/22,695.1,263,698.7,715,670
5/26/22,683,238,670.9,690,659.1
5/25/22,651.8,166,659.5,665,647.8
5/24/22,660,153,644.5,672,636.3
5/23/22,651.9,193,670.1,675,640.6
5/20/22,667.3,153,675,690.5,655
5/19/22,690.5,243,728.5,728.5,690.5
5/18/22,739.5,196,778.9,778.9,739
5/17/22,788,133,804.5,812.2,775.5
5/16/22,787,170,772.2,792,752.4
5/13/22,769.7,211,782.8,815,765
5/12/22,777.8,325,774.9,781,741.2
5/11/22,786.1,198,797.6,806.4,783
5/10/22,801.1,166,807.7,829.5,799.1
5/9/22,807.7,270,810.7,815.3,780
5/6/22,827.1,243,853.1,853.1,824.9
5/5/22,873.9,155,904.6,915,868.4
5/4/22,909.7,281,923,923,863
5/3/22,912,176,920,935,906.5
5/2/22,918,257,912.8,939,886
4/29/22,915,147,906.2,915,899.1
4/28/22,911.9,139,920.4,920.4,875
4/27/22,918.9,176,902.6,927.6,895.1
4/26/22,901.6,127,906.3,914,886.8
4/25/22,914,171,921,924.8,878.6
4/22/22,935.6,156,974.9,974.9,931.2
4/21/22,970,175,949.4,986.6,941.7
4/20/22,941.6,151,905.3,941.6,891.3
4/19/22,938.6,156,945.4,951.5,920.3
4/18/22,923.9,174,887.9,924.2,871.7
4/14/22,889,160,880.3,904.8,862.1
4/13/22,883.7,177,876.6,902.5,844.8
4/12/22,874.2,244,862,890,829.3
4/11/22,886.3,229,971.1,992.6,870
4/8/22,949.9,242,891,949.9,890
4/7/22,892.9,349,864.9,896.7,846.7
4/6/22,881.4,174,925,925,881.4
4/5/22,938.4,129,973.9,977.8,935
4/4/22,966.5,121,965,993.3,945.2
4/1/22,964.9,310,955.2,984.8,929.5
3/31/22,965.3,285,1012.7,1043,945
3/30/22,1001.7,184,1075,1084.9,997
3/29/22,1054,158,993.8,1055,993.8
3/28/22,999.5,71,986,1001,977.8
3/25/22,1008,250,1016.2,1022,974.8
3/24/22,1020,239,1022.4,1059.9,1003.4
3/23/22,1054.3,108,1085.2,1089.8,1054.3
3/22/22,1111.3,322,1100,1130,1042.3
3/21/22,1128.3,127,1201.3,1229,1128.3
3/18/22,1185.3,181,1223.4,1246,1173.5
3/17/22,1207,236,1152,1207,1150
3/16/22,1150,236,1201,1201,1125
3/15/22,1160.4,213,1103.6,1160.4,1076.6
3/14/22,1103.4,346,1125,1129.2,1073.2
3/11/22,1159.2,245,1185.7,1217.8,1159.2
3/10/22,1216.2,266,1196.5,1252.9,1153
3/9/22,1195.9,307,1191.6,1242,1159.8
3/8/22,1245.8,223,1300,1304,1245.8
3/7/22,1302.8,98,1322.7,1336.9,1280
3/4/22,1310.8,382,1354.5,1357.3,1268.7
3/3/22,1313.7,200,1313,1313.7,1308.3
3/2/22,1268.7,168,1234.7,1268.7,1234.7
3/1/22,1223.7,128,1195.9,1223.7,1195.9
2/28/22,1193.7,119,1186.5,1206.5,1184
2/25/22,1199.7,251,1203.4,1218,1183.9
2/24/22,1199.9,315,1206.9,1206.9,1142.9
2/23/22,1173.8,281,1123.3,1173.8,1123.3
2/22/22,1143.8,291,1173.8,1196.5,1143.8
2/18/22,1270,249,1275,1319.9,1261
2/17/22,1290.4,285,1301,1316.1,1290.4
2/16/22,1320.4,432,1313.7,1336,1285
2/15/22,1291,134,1283.5,1291,1279.8
2/14/22,1246,221,1207.9,1246,1202
2/11/22,1216,695,1294.9,1294.9,1204.9
2/10/22,1249.9,105,1249.9,1249.9,1249.9
2/9/22,1204.9,143,1204.9,1204.9,1204.9
2/8/22,1159.9,69,1159.9,1159.9,1159.9
2/7/22,1114.9,95,1114.9,1114.9,1114.9
2/4/22,1069.9,57,1069.9,1069.9,1069.9
2/3/22,1024.9,148,1019,1024.9,1017.5
2/2/22,979.9,273,911.9,979.9,900.9
2/1/22,934.9,294,962.8,962.9,934.9
1/31/22,979.9,244,1049.9,1053.7,979.9
1/28/22,1024.9,301,1001.1,1024.9,984.1
1/27/22,994.9,999,963.7,1035.8,963.7
1/26/22,1008.7,79,1008.7,1008.7,1008.7
1/25/22,1053.7,49,1053.7,1053.7,1053.7
1/24/22,1098.7,85,1098.7,1098.7,1098.7
1/21/22,1143.7,245,1179.8,1179.8,1143.7
1/20/22,1188.7,307,1208.2,1233.7,1188.7
1/19/22,1233.7,364,1295.3,1311.5,1233.7
1/18/22,1278.7,280,1279.7,1286,1278.7
1/14/22,1308.7,242,1337.6,1338.2,1289
1/13/22,1329,337,1308.6,1329,1283.9
1/12/22,1284,254,1266.5,1284,1266.5
1/11/22,1239,200,1205.3,1239,1202.4
1/10/22,1209,359,1231.7,1238.4,1197.9
1/7/22,1227.9,302,1244.7,1250,1213
1/6/22,1219,401,1194,1219,1177.6
1/5/22,1174,139,1156.3,1174,1156.3
1/4/22,1144,280,1111.5,1144.3,1108
1/3/22,1114.3,255,1138,1142,1113.4
12/31/21,1142.9,153,1140.2,1152.8,1117
12/30/21,1141.9,234,1161,1172.2,1134.5
12/29/21,1163.1,305,1132.9,1171,1097.1
12/28/21,1134.8,339,1108.3,1134.8,1108.3
12/27/21,1089.8,222,1052,1089.8,1052
12/23/21,1044.8,114,1018.3,1044.8,1018.3
12/22/21,1014.8,290,985.2,1014.8,972.6
12/21/21,1004.8,421,1038.6,1043.7,999.1
12/20/21,1044.1,189,1063,1063,1044.1
12/17/21,1089.1,229,1105,1115,1089.1
12/16/21,1119.1,255,1122.1,1125,1105
12/15/21,1109.5,270,1099,1135.4,1085.2
12/14/21,1105.4,219,1129,1136.9,1080
12/13/21,1114.3,247,1103.5,1114.3,1073
12/10/21,1069.3,321,1069.3,1069.3,1028.6
12/9/21,1024.3,84,1024.3,1024.3,1024.3
12/8/21,979.3,124,950.6,979.3,950.6
12/7/21,949.3,360,971,977.5,900.7
12/6/21,936.7,102,902.8,936.7,902.8
12/3/21,906.7,344,925,939.9,897.4
12/2/21,914.5,332,898.5,914.5,872.1
12/1/21,869.5,274,854.6,869.5,854.6
11/30/21,824.5,377,804.7,824.5,804.7
11/29/21,794.5,219,773,796.2,769.6
11/26/21,766.2,147,770.8,779.5,764.2
11/24/21,791.5,126,783,804.5,777.1
11/23/21,779.4,175,780.1,789.3,760.1
11/22/21,772.6,449,800.5,831.8,772
11/19/21,801.9,636,764.5,802,748
11/18/21,757,532,735.7,757,702.2
11/17/21,712,132,697.2,712,697
11/16/21,667,156,649,667,649
11/15/21,637,120,621.1,644.1,620
11/12/21,622.3,141,629.7,634.9,618
11/11/21,632,81,644,652.3,630.5
11/10/21,637.8,214,639.3,665,629.3
11/9/21,640.1,121,651,658.8,636.3
11/8/21,653.5,209,662.9,675,640
11/5/21,663,241,668.7,700.9,648.9
11/4/21,670.9,282,661.9,687.5,657.2
11/3/21,646.7,261,616.8,646.7,616
11/2/21,616.7,296,605,619.9,591
11/1/21,606,279,635,635,606
10/29/21,636,383,670.3,670.3,636
10/28/21,678,226,692.8,705.5,672.3
10/27/21,700,208,729.7,729.7,693.7
10/26/21,732.1,195,751.7,751.7,729.7
10/25/21,660,270,668,680,650.4
10/22/21,667.6,174,679,697.9,662.4
10/21/21,679,194,676,691.6,662
10/20/21,676.3,240,689.9,700.1,675
10/19/21,707,352,754.7,760.6,707
10/18/21,749,151,760.1,780,745
10/15/21,759.9,162,765.9,779.7,746
10/14/21,772,178,758.3,781.5,750.2
10/13/21,758.3,210,730,769.6,719.2
10/12/21,730.6,362,758.9,789.6,720.1
10/11/21,760.4,340,725,762.8,725
10/8/21,720.8,478,678.9,725,670
10/7/21,676.7,234,631.3,676.7,630
10/6/21,634.7,84,646.8,648.8,626
10/5/21,640.5,130,634,655,620.2
10/4/21,632.8,74,622,635,622
10/1/21,625.1,212,637.1,644.5,607.9
9/30/21,627.5,304,600.5,648.5,596
9/29/21,606.5,162,616,624.5,603
9/28/21,615.7,214,634,642,603.5
9/27/21,642,98,647.9,657.5,635.1
9/24/21,643,148,645,655.4,633.5
9/23/21,638.8,230,639.2,659.7,632.7
9/22/21,627,153,602.9,628.8,598
9/21/21,602,190,603.3,618,594.3
9/20/21,593.5,163,623,623,592
9/17/21,634,237,617,635.9,617
9/16/21,593.9,90,599.8,599.8,578.3
9/15/21,595.9,172,562.9,599.4,560.8
9/14/21,571,239,612.3,617.5,568
9/13/21,605,111,607.1,626.9,596.4
9/10/21,607.6,179,607.6,633,601.7
9/9/21,596.9,96,587,610.7,581
9/8/21,586.5,265,606.6,615,578.2
9/7/21,612,461,645,695,610.6
9/3/21,639.2,435,593.4,639.2,590.4
9/2/21,576.2,320,532.5,576.2,532.5
9/1/21,534.2,156,532.1,541.8,525.1
8/31/21,533.4,150,536,536,519.7
8/30/21,533.1,275,519,543.9,518.1
8/27/21,517.7,304,528.8,530,501.8
8/26/21,520.9,154,512,537,509.5
8/25/21,491.1,201,489,518,480.1
8/24/21,480.1,216,505,507.4,475.3
8/23/21,498.8,254,485,511.6,477.6
8/20/21,474.7,303,454.2,475,448
8/19/21,454.2,310,470.7,492,454.1
8/18/21,468,225,453.1,486.7,452
8/17/21,456.2,243,460,472,452.2
8/16/21,470.9,285,497.9,497.9,460.3
8/13/21,495.2,186,498.9,524.8,485.6
8/12/21,500.4,236,485.6,518.9,480.4
8/11/21,493.9,220,500,507.4,482.9
8/10/21,505.1,180,530.1,530.1,502.3
8/9/21,530.1,146,544.7,568,528
8/6/21,551.6,251,520.8,557.2,513
8/5/21,522.9,272,540.1,552,522.2
8/4/21,564.5,144,592,592,564.5
8/3/21,606.5,241,625,625,601.6
8/2/21,635.6,216,623.1,650,604
7/30/21,621.2,182,630.4,634.3,601.1
7/29/21,621.9,312,620,640,593
7/28/21,608.2,369,559.8,620,543
7/27/21,582,208,608,608,582
7/26/21,624,208,658.2,664.4,620.3
7/23/21,634,574,649,700,616.1
7/22/21,647,556,600,647,590.2
7/21/21,584,352,584,584,555
7/20/21,542,212,563.3,577.2,535
7/19/21,552.1,514,525,572.2,500
7/16/21,536.4,456,555.6,574.5,535
7/15/21,574.9,594,608.4,634.9,570
7/14/21,612,458,640.1,663,603.3
7/13/21,649.9,503,709.6,709.7,649.9
7/12/21,712.9,360,755,770,712.9
7/9/21,754.9,345,751.9,760,717.4
7/8/21,774.6,260,800,805,774.6
7/7/21,816.6,318,813.9,852.4,793
7/6/21,820.4,578,799.1,829.3,784.9
7/2/21,787.3,251,764,794,755
7/1/21,764.3,588,727,774.6,695.9
6/30/21,737.4,322,775,785,724.2
6/29/21,783.6,411,786.5,839.3,767.8
6/28/21,797.3,483,774,805,721.9
6/25/21,774,318,834.5,834.5,774
6/24/21,837,280,883.7,917.2,837
6/23/21,879,190,866.8,900.5,859.8
6/22/21,866.4,344,896.9,920.5,860
6/21/21,932.5,418,897.1,939.9,859.8
6/18/21,897.9,434,899.9,931.5,855.1
6/17/21,904.9,467,937.6,988,904.9
6/16/21,967.9,343,989.3,1023,967.9
6/15/21,1009.9,682,950,1059.2,943.7
6/14/21,996.2,367,1006.5,1040,996.2
6/11/21,1059.2,285,1088.1,1088.1,1059.2
6/10/21,1122.2,220,1164.1,1168,1122.2
6/9/21,1164.2,305,1160.1,1199,1142.1
6/8/21,1167,297,1209.5,1209.5,1158.2
6/7/21,1221.2,269,1228.4,1241,1221.2
6/4/21,1284.2,130,1291.3,1315.5,1284.2
6/3/21,1326.2,340,1345,1369.9,1279.3
6/2/21,1330.5,399,1249,1330.5,1205.1
6/1/21,1267.5,254,1315,1322,1267.5
5/28/21,1309.5,214,1303.5,1338.5,1287.1
5/27/21,1323,224,1328.4,1379.7,1303.8
5/26/21,1339.4,555,1361.6,1430.5,1334
5/25/21,1397,194,1421.3,1442,1397
5/24/21,1439,549,1507.1,1514.8,1390
5/21/21,1453,248,1445,1453,1430.3
5/20/21,1390,246,1385.2,1390,1352.2
5/19/21,1327,644,1201,1327,1201
5/18/21,1264,315,1273.8,1289.6,1264
5/17/21,1327,470,1376.3,1376.3,1327
5/14/21,1390,431,1442.2,1451.3,1390
5/13/21,1453,480,1494.4,1537,1453
5/12/21,1495,917,1498.1,1598.9,1481.5
5/11/21,1544.5,165,1564.1,1574.9,1544.5
5/10/21,1607.5,787,1710.5,1733.5,1607.5
5/7/21,1670.5,303,1667,1670.5,1618.7
5/6/21,1607.5,305,1579,1607.5,1553.9
5/5/21,1544.5,N/A,1544.5,1544.5,1544.5
5/4/21,1481.5,403,1450.6,1481.5,1440.8
5/3/21,1418.5,121,1410,1418.5,1409.7
4/30/21,1376.5,192,1362.2,1376.5,1348.6
4/29/21,1328.5,291,1304.3,1328.5,1328.5
4/28/21,1296.5,282,1292.2,1307.4,1261.6
4/27/21,1281,494,1312.5,1334.6,1238.6
4/26/21,1286.6,222,1256,1286.6,1253.5
4/23/21,1238.6,156,1213.5,1238.6,1213.1
4/22/21,1190.6,272,1165,1190.6,1165
4/21/21,1158.6,N/A,1158.6,1158.6,1158.6
4/20/21,1278.7,436,1349.5,1374.7,1278.7
4/19/21,1326.7,140,1291.7,1326.7,1287.5
4/16/21,1294.7,375,1284.7,1300,1263.9
4/15/21,1260.7,254,1235.7,1260.7,1225.8
4/14/21,1212.7,212,1185,1212.7,1183
4/13/21,1180.7,279,1189.5,1205.5,1161.1
4/12/21,1157.5,N/A,1157.5,1157.5,1157.5
4/9/21,1125.5,155,1109.7,1143,1103.5
4/8/21,1106.4,340,1081.7,1106.4,1064.5
4/7/21,1074.4,N/A,1074.4,1074.4,1074.4
4/6/21,1044.3,270,1023.3,1048.3,1023.2
4/5/21,1021,179,1013.2,1032.8,1013.2
4/1/21,1012.6,229,1012.6,1022.8,1006
3/31/21,1009.1,255,989,1014.1,985
3/30/21,989.6,N/A,989.6,989.6,989.6
3/29/21,965.2,N/A,965.2,965.2,965.2
3/26/21,953,201,969.3,969.3,949
3/25/21,973.5,234,943,973.8,940
3/24/21,945.8,154,942.4,949.8,917.4
3/23/21,942.4,246,935.2,950.9,922
3/22/21,926.2,N/A,926.2,926.2,926.2
3/19/21,886.6,237,860,886.6,857.7
3/18/21,854.6,147,862.1,879.9,844.7
3/17/21,854.2,N/A,854.2,854.2,854.2
3/16/21,840,206,851.2,863.8,830.5
3/15/21,862.5,N/A,862.5,862.5,862.5
3/12/21,867.1,163,867.3,876,851.1
3/11/21,872,218,902.7,903,871.7
3/10/21,903.7,312,909.9,920.3,877.1
3/9/21,909.1,N/A,909.1,909.1,909.1
3/8/21,878.9,162,889,894.8,867
3/5/21,880,167,866.1,885.4,861
3/4/21,866,263,843.8,874.4,836.1
3/3/21,844.7,176,836.1,849,823.1
3/2/21,836.1,375,810,855,776.1
3/1/21,815.7,N/A,815.7,815.7,815.7
2/26/21,847.7,386,874.3,868,846.3
2/25/21,878.3,315,906.6,912,874.4
2/24/21,906.4,N/A,906.4,906.4,906.4
2/23/21,890.1,240,899.4,905.9,861.1
2/22/21,890.2,378,863.6,890.2,858.2
2/19/21,858.2,302,886.7,889,852.4
2/18/21,1004.5,302,986.9,1004.9,984.1
2/17/21,986.8,286,995.9,996.3,980.3
2/16/21,992.4,274,979,994.9,968.3
2/12/21,982.1,227,979,991.9,970.7
2/11/21,979,366,950.8,982.8,950.8
2/10/21,950.8,N/A,950.8,950.8,950.8
2/9/21,947,177,926.9,950.9,920
2/8/21,940,243,950,951,905.6
2/5/21,915.6,171,881,915.6,880
2/4/21,883.6,130,884,889.4,867.7
2/3/21,884,N/A,884,884,884
2/2/21,857.4,171,869.4,876.9,842.9
2/1/21,870.8,299,887,890,859
1/29/21,887,266,888.8,887,870
1/28/21,892.6,167,858,897,858
1/27/21,865,242,870,875,828.8
1/26/21,855.1,258,831.4,855.1,831.4
1/25/21,823.1,404,828,842.9,800.6
1/22/21,796,413,796,796,796
1/21/21,748,195,739.4,748,732
1/20/21,700,248,679.2,700,697
1/19/21,668,123,657,683.7,651.4
1/15/21,662.9,150,686.4,686.4,655
1/14/21,683,N/A,683,683,683
1/13/21,671.5,254,649.8,677.4,634.9
1/12/21,649.9,303,664.7,666.9,634.7
1/11/21,666.7,183,670,677.9,661.1
1/8/21,690,341,719.9,724.2,686
1/7/21,718,313,710.4,725,690
1/6/21,703.3,551,660.9,710,655
1/5/21,668.6,411,689.2,690.8,668.6
1/4/21,700.6,399,727,748.9,694
12/31/20,716.9,343,745,751.5,713
12/30/20,745,270,779.4,780.9,745
12/29/20,777,246,776.8,788.7,750.7
12/28/20,775,218,789.9,797.1,754.1
12/24/20,783.8,139,776.9,795,776.9
12/23/20,772.4,N/A,772.4,772.4,772.4
12/22/20,783.8,N/A,783.8,783.8,783.8
12/21/20,766.2,460,724,766.2,716.7
12/18/20,734.2,362,718.7,736,709
12/17/20,840.1,285,825,850.6,814.6
12/16/20,818.6,292,829.3,830.5,794
12/15/20,826,374,826.9,845,801.2
12/14/20,813,277,800,819.8,785
12/11/20,795,391,796.1,801.6,762.2
12/10/20,786.5,410,747.5,786.5,747.5
12/9/20,754.5,316,736.7,757.2,736.7
12/8/20,725.2,278,702.7,728.8,701.4
12/7/20,696.8,282,680,697.8,680
12/4/20,678.6,299,666.7,678.7,659.2
12/3/20,660,176,657.5,663.4,653.6
12/2/20,649,300,633,657.4,633
12/1/20,635.2,240,641.2,648.9,634.5
11/30/20,636.8,263,627.5,648,615
11/27/20,630.9,45,620.5,632.1,614.3
11/25/20,617.1,126,603,625,599.2
11/24/20,600.5,256,612,612.1,586.6
11/23/20,618.4,193,635,618.6,614.6
11/20/20,630.1,195,625.8,641.3,622
11/19/20,616.9,234,595.2,627.7,593.5
11/18/20,595.7,219,615.9,622.1,593.1
11/17/20,610.6,340,596.3,617.7,590.8
11/16/20,593.5,169,574.8,599.4,574.8
11/13/20,578.3,138,578.8,587,574
11/12/20,576.3,170,570.4,579.9,565.1
11/11/20,572.3,159,575.1,579,565
11/10/20,580.3,453,557.6,590,557.6
11/9/20,556.8,153,535.1,556.8,535.1
11/6/20,524.8,279,557.6,562.2,523.7
11/5/20,555.7,301,543.1,560.7,542.6
11/4/20,539.1,219,523.4,544.1,536.8
11/3/20,526.1,433,511.7,526.4,522.1
11/2/20,502.8,333,491.9,508.5,485.9
10/30/20,493.4,282,478.1,497,474.6
10/29/20,478.3,135,481.2,482.8,473.1
10/28/20,482.4,275,480.1,489.7,465
10/27/20,484,136,464.8,485.6,464.8
10/26/20,503,274,510,514.1,498.6
10/23/20,515.3,273,529.4,529.4,512.6
10/22/20,531.4,201,521.8,538.1,518.6
10/21/20,522,239,528.3,536.5,520
10/20/20,531.7,347,556.1,567.2,531.7
10/19/20,550.7,272,536,552.9,534
10/16/20,534,233,540,546.9,533.4
10/15/20,537.7,169,541.3,546.9,536
10/14/20,548.9,170,540.5,554.4,540.5
10/13/20,535.4,180,533.7,537.5,531
10/12/20,535.8,210,550,550,530.8
10/9/20,557.3,275,586.3,586.3,557.3
10/8/20,586.3,203,573.5,586.3,571.4
10/7/20,567.3,172,571.5,580.4,560.1
10/6/20,583.1,163,602,607,583.1
10/5/20,602.1,170,600,609.5,578.6
10/2/20,603,148,612.6,612.6,603
10/1/20,622,198,620.2,629.5,605.2
9/30/20,612.2,273,592.7,621.2,592.7
9/29/20,602.2,218,568.8,603.5,557.6
9/28/20,578.6,245,611.1,630,578.6
9/25/20,607.6,226,575.2,607.6,569.8
9/24/20,578.6,346,636.5,636.6,578.6
9/23/20,607.6,134,604.1,607.6,595.4
9/22/20,578.6,335,554.6,578.6,550.1
9/21/20,549.6,90,549.6,549.6,549.6
9/18/20,578.6,220,597.6,608.4,578.6
9/17/20,597.6,319,610.1,629,593
9/16/20,612,484,633.3,637.4,611.4
9/15/20,640.4,805,695.2,698.4,640.4
9/14/20,669.4,191,669.4,669.4,655.3
9/11/20,640.4,61,640.4,640.4,640.4
9/10/20,611.4,285,593.2,611.4,592.7
9/9/20,592.4,1254,583.5,641.5,583.5
9/8/20,612.5,105,612.5,612.5,612.5
9/4/20,641.5,152,641.5,641.5,641.5
9/3/20,670.5,104,670.5,670.5,670.5
9/2/20,699.5,244,713.9,716.2,699.5
9/1/20,728.5,266,739.5,745,728.5
8/31/20,747.5,404,762.9,762.9,747.5
8/28/20,766.5,1149,820.6,820.6,765.8
8/27/20,794.8,689,792.3,794.8,780.7
8/26/20,765.8,568,747.1,765.8,740
8/25/20,829.3,841,796.3,829.3,791.3
8/24/20,810.3,1333,839.1,859.9,801.9
8/21/20,830.9,760,819,830.9,811.5
8/20/20,801.9,711,789.9,801.9,778
8/19/20,782.9,784,770.6,783,767
8/18/20,754,375,751,754,751
8/17/20,735,513,724,738.5,709.6
8/14/20,726.5,849,734.1,748,703.2
8/13/20,725,508,710,725,703
8/12/20,706,556,695,710.5,691.7
8/11/20,681.5,402,662.5,681.5,660
8/10/20,662.5,240,650,664.9,646.3
8/7/20,648,639,649.4,659.4,630
8/6/20,641.6,286,626.5,641.6,618.9
8/5/20,622.6,446,612.4,624.6,603.2
8/4/20,610.9,357,597.7,611,586.6
8/3/20,596.2,276,595,600.8,584.1
7/31/20,585.8,553,594.8,598.8,575.2
7/30/20,580.4,448,588.8,589.3,567
7/29/20,585,259,574.1,585.9,569
7/28/20,566.9,354,568,579.2,561.9
7/27/20,567.9,437,555.1,570.4,555.1
7/24/20,541.4,328,531.6,541.4,531.5
7/23/20,522.4,462,511,529.5,505
7/22/20,510.5,769,509,524,484.2
7/21/20,513.2,320,529.5,529.5,513.2
7/20/20,532.2,561,553,564.3,531.8
7/17/20,550.8,569,534.6,553.2,531.1
7/16/20,524.2,493,508,524.2,508
7/15/20,505.2,409,514.9,519.5,502.1
7/14/20,511.5,336,491.1,512.7,490.5
7/13/20,493.7,488,502.4,513.9,491.7
7/10/20,498.4,575,484.4,500.4,483.1
7/9/20,481.9,455,474.3,482.9,471.1
7/8/20,469.4,398,465.3,471.4,451.1
7/7/20,455.3,466,454.8,468.3,453.1
7/6/20,453.2,362,440.2,455.5,440.2
7/2/20,438.3,270,440.7,443.8,435.4
7/1/20,432,196,433.2,437.5,431.2
6/30/20,431.6,364,425.2,435.6,422.9
6/29/20,423.4,190,419,426.7,415.3
6/26/20,424.1,317,436.4,441.9,420.2
6/25/20,429.5,208,423.5,438.9,423.5
6/24/20,424.1,302,432.1,435.9,419
6/23/20,433.7,425,424,437.5,421.7
6/22/20,424.1,461,412,427.4,410.6
6/19/20,421.4,417,409.9,424.7,407.5
6/18/20,401.3,457,385.7,401.3,382.8
6/17/20,382.3,375,371.1,386,367.1
6/16/20,373.4,413,364.7,375,364.7
6/15/20,361.3,223,351.1,362.6,351.1
6/12/20,354.6,200,354.7,360.1,351
6/11/20,351,329,360.7,368.9,349.7
6/10/20,362,183,357.8,367.5,354
6/9/20,357.6,283,369.8,369.8,354
6/8/20,370.8,310,368.8,376.8,368.8
6/5/20,368.8,279,361.6,368.8,360.6
6/4/20,356.2,195,350.1,357.3,350.1
6/3/20,348.1,262,359.6,359.6,346.3
6/2/20,357,199,362.2,362.3,356.5
6/1/20,362.3,147,362.3,367.7,362.2
5/29/20,367.1,225,367.9,370.3,362.2
5/28/20,368.3,467,362.6,378.5,354.6
5/27/20,359.9,112,357.8,361.9,356
5/26/20,356.8,247,371.5,375,353.8
5/22/20,367.5,183,370,374,363.9
5/21/20,370.3,351,366,376,362.1
5/20/20,367.5,376,353.2,372.8,349.9
5/19/20,354.3,207,350,355.8,348.1
5/18/20,346.2,135,349.8,351,343.3
5/15/20,345,119,345.6,351.5,343.6
5/14/20,344.6,157,346.1,352,339.9
5/13/20,348.5,260,357.4,362.9,348.3
5/12/20,341,2,342,342,342
5/11/20,353.8,463,365,373.7,350.6
5/8/20,365,347,349.3,365.1,348.5
5/7/20,346.1,189,337.1,348,333.5
5/6/20,341.5,265,343.7,352,336.6
5/5/20,336.2,39,334.7,339.7,334.7
5/4/20,338.6,182,332,340.1,330.1
5/1/20,328.5,231,323.2,332.8,319
4/30/20,321.6,237,313.4,324.5,310.7
4/29/20,312.5,133,317.8,320,310.6
4/28/20,319.3,213,312.5,326.4,307.5
4/27/20,308.4,131,310.3,310.3,304.5
4/24/20,313,200,316,321.9,312
4/23/20,317,124,323,323.4,315.6
4/22/20,323,212,315.7,323,315.6
4/21/20,317.5,232,324.7,325.6,314
4/20/20,328.6,261,337.2,342.5,328.6
4/17/20,341.7,237,337.9,344.7,329.9
4/16/20,332.6,255,322.1,338.8,317.5
4/15/20,324,217,332.6,334.4,317.5
4/14/20,331,283,335.5,344.4,330
4/13/20,333.7,186,326.1,334.7,322
4/9/20,322.1,273,312.6,322.1,295.2
4/8/20,304.1,198,309.5,313.8,300.7
4/7/20,307.4,293,294.1,309,294.1
4/6/20,282,93,282,282,282
4/3/20,264,146,260.6,265.6,255.5
4/2/20,264.1,250,260.4,277,258.2
4/1/20,259.8,347,271.1,271.2,251.5
3/31/20,278.5,373,293,293,278.5
3/30/20,296.5,216,305.5,307.1,296
3/27/20,311.3,202,312.4,317.7,308
3/26/20,320.8,201,316.3,322.2,311.3
3/25/20,311.6,214,319.6,320,307.9
3/24/20,321.5,194,328.9,329.4,317
3/23/20,320.2,159,321.4,326.8,310.9
3/20/20,322.3,287,325.9,335.4,319
3/19/20,319.8,265,306.4,321.4,306.4
3/18/20,303.4,434,305.4,309.9,292.9
3/17/20,310,525,318.5,318.5,305.3
3/16/20,325,58,325,325,325
3/13/20,343,1127,331,344.2,317.1
3/12/20,331,121,331,331,331
3/11/20,349,507,355,360.7,349
3/10/20,364.8,904,369.1,370.9,352.1
3/9/20,356.7,350,369.8,369.8,356.7
3/6/20,383.7,721,396.7,397.4,383.7
3/5/20,401.7,410,403.4,410.8,401.2
3/4/20,410.8,518,408.3,412.5,399.5
3/3/20,406.3,662,425.1,428.2,405
3/2/20,410.9,618,407.9,426,405.7
2/28/20,410.9,883,410.5,418.1,410
2/27/20,428,742,434.9,437.3,427
2/26/20,445,554,446.7,446.9,443.4
2/25/20,451.8,447,455.5,459.5,450
2/24/20,459.5,578,461.9,466.7,457.7
2/21/20,460.1,373,462,464.5,459.2
2/20/20,463,497,465,468.3,460.7
2/19/20,460.3,536,451.2,464.1,451.2
2/18/20,446.1,219,448.4,452,444.8
2/14/20,449.3,247,451.5,452.8,445.9
2/13/20,455.1,500,456.2,459.9,453.5
2/12/20,454.5,493,451,457,447.9
2/11/20,451.4,545,445.1,454,442.5
2/10/20,446,721,440.2,450.9,440.2
2/7/20,440.2,497,432.5,443.9,432.5
2/6/20,433.2,358,428.1,434.9,428.1
2/5/20,428.3,691,415.6,429.5,413.9
2/4/20,412.7,1143,419.5,422.4,407
2/3/20,422.8,659,434.3,439,418.8
1/31/20,435.5,439,436.6,438.4,430
1/30/20,436.1,454,427.6,438.9,424.2
1/29/20,428,232,427.1,432.8,426.1
1/28/20,427.1,327,420,429.2,419.5
1/27/20,420.8,520,420,422.9,417.2
1/24/20,426.2,315,425.3,432.3,425.3
1/23/20,426,240,425.9,426.8,420.2
1/22/20,425.2,230,425.9,432.7,423.8
1/21/20,424.7,345,429.6,431.1,424.2
1/17/20,430,643,438,444.4,429.1
1/16/20,428.8,284,425.8,434.9,420.8
1/15/20,426.5,442,420,429.6,418.2
1/14/20,420.4,199,421.8,424.4,418.5
1/13/20,422.6,301,415.9,424.4,415.8
1/10/20,416.2,253,417.2,417.4,414.5
1/9/20,416,534,423,427,414.1
1/8/20,422.9,377,419.4,427,418
1/7/20,418.3,269,416.5,424.8,416.5
1/6/20,420.5,374,428.1,429.1,419.9
1/3/20,427.6,296,428.6,433.9,426.5
1/2/20,431.8,607,425.2,438.5,424.5
12/31/19,426.2,258,430.1,431.3,421
12/30/19,427.8,412,429.1,434.5,426.5
12/27/19,427.9,182,422.5,429.2,422.5
12/26/19,422.3,132,425.1,426.4,421.2
12/24/19,420.9,48,422.5,423.5,420.6
12/23/19,408.6,320,414.5,414.5,407.5
12/20/19,413.3,303,417.3,418.6,411.4
12/19/19,417.2,517,405.4,421.1,404.9
12/18/19,406.8,189,408.5,408.7,403.1
12/17/19,406.4,319,411.1,415.4,400.2
12/16/19,410.8,441,405,413.9,403.9
12/13/19,404.6,332,397.3,405.9,394.1
12/12/19,397.8,345,399,399.2,397.4
12/11/19,396.6,449,393.3,399.7,388.6
12/10/19,392.7,500,397.1,399.2,391
12/9/19,399.4,285,405.4,407.1,398.3
12/6/19,406.1,197,407.7,412.4,404.5
12/5/19,405.3,313,399,409.7,399
12/4/19,400.7,288,401,403.8,395.2
12/3/19,397.8,532,406,406,393.1
12/2/19,409,312,410,414.4,406
11/29/19,416.6,205,418.5,420.1,413.9
11/27/19,416.1,345,411.6,423,409.2
11/26/19,412.9,786,411,413.3,403.3
11/25/19,421.3,810,409.9,427.7,408
11/22/19,410.4,292,407.9,411.2,405.1
11/21/19,408.2,231,402.9,413,402.9
11/20/19,402.7,276,413.4,414,401
11/19/19,413.4,419,417.2,421.5,408.3
11/18/19,413,478,403,414.4,403
11/15/19,396.4,243,398.9,401.8,395.7
11/14/19,398.7,527,389.2,404,388.6
11/13/19,387.9,352,385.1,389.4,383.2
11/12/19,384.8,533,389.1,393.1,384.4
11/11/19,391.7,249,392.2,395,389.2
11/8/19,393,270,392.9,396.3,388.1
11/7/19,393.3,531,397,401.9,390
11/6/19,396,559,398,398.4,393.7
11/5/19,405.1,559,414.9,419,402.2
11/4/19,417.4,521,417.2,423.7,413.1
11/1/19,412.8,410,406.6,415.1,406
10/31/19,405.8,302,407,409.7,404.6
10/30/19,407.1,491,409.5,417.2,406.5
10/29/19,410,375,403.1,414,400.3
10/28/19,406.9,381,410,416.4,405.3
10/25/19,410,530,407.2,413.9,403.8
10/24/19,403.7,247,402.3,405.4,399.3
10/23/19,400.6,324,395.8,403.9,395.8
10/22/19,395.8,347,397.7,400.1,393.6
10/21/19,397.6,626,387.1,399.7,386.6
10/18/19,385.6,301,387.9,391,383
10/17/19,389.6,630,381.8,394.9,381.2
10/16/19,379.9,225,373.8,381.3,373.8
10/15/19,372.7,427,383,386.4,371.5
10/14/19,380.5,567,368.9,385,367.8
10/11/19,369.4,245,365,373.1,363.6
10/10/19,363,241,364.4,369.5,362.2
10/9/19,366.3,308,359.2,371.1,358.6
10/8/19,362,356,369.9,369.9,359.7
10/7/19,368.7,313,365.7,377,364.2
10/4/19,365.7,240,363.2,367.7,361.7
10/3/19,364.2,553,361.4,373.9,359.5
10/2/19,359.8,257,361.3,362.3,357.5
10/1/19,361.7,483,367,371.1,360
9/30/19,367.1,333,373.5,373.5,364.5
9/27/19,371.6,211,372.2,375,369.8
9/26/19,372,142,369.5,375.1,368.9
9/25/19,369.2,235,373.4,375.8,367.1
9/24/19,373,527,386,386,370.1
9/23/19,387.2,434,384.9,393.5,383.2
9/20/19,383.8,360,377,391.2,374
9/19/19,378.3,239,382.8,387.3,377
9/18/19,382,392,384.7,388.2,379.5
9/17/19,376.3,393,366.8,378.8,363.9
9/16/19,367.6,318,378.1,381.9,365.6
9/13/19,378.5,281,380.6,384,373.6
9/12/19,380.5,467,380.3,382.3,373
9/11/19,380.6,759,376.4,389.3,375.2
9/10/19,372,366,367.7,372,365.9
9/9/19,353,450,352.2,355.5,348.1
9/6/19,353.6,515,360.5,360.7,350
9/5/19,358.8,308,362.3,364.8,357.9
9/4/19,362.3,189,366.5,369.5,361.9
9/3/19,368.9,409,368.8,372.4,366.9
8/30/19,372,397,372.9,378,370
8/29/19,373.2,423,383.7,383.7,371
8/28/19,379.3,546,374.8,385,374.8
8/27/19,368.2,207,364.4,368.8,360
8/26/19,363.3,218,356.5,368.5,356.5
8/23/19,359.9,231,359.3,366.3,358.2
8/22/19,359.3,327,369.1,369.6,356.7
8/21/19,369.1,520,369.7,373.4,367.9
8/20/19,366.2,292,366.7,373.1,360
8/19/19,371.9,438,359.2,374.1,357.6
8/16/19,362.9,280,355.1,364,354.8
8/15/19,354.2,387,347.6,356,344.8
8/14/19,348.1,285,349.9,351.3,344.6
8/13/19,354.2,493,344.7,361.6,343.6
8/12/19,342.8,213,345.1,346.5,342.7
8/9/19,348.9,344,360,360.8,347.3
8/8/19,363.6,198,360.5,367.2,358.2
8/7/19,358,370,365.8,371.6,356.3
8/6/19,369.6,447,355.2,371.6,354
8/5/19,358,364,362.4,364,353.7
8/2/19,368,565,364.4,368.9,355.5
8/1/19,362.9,770,342.4,362.9,340.5
7/31/19,343.9,509,352.4,353,335.5
7/30/19,349,584,335.9,354.7,333.7
7/29/19,335.8,175,331,337,328.4
7/26/19,333.7,288,338,338,330
7/25/19,340.1,428,346.9,353.4,336.9
7/24/19,343.5,412,330,351.7,326.6
7/23/19,332.7,460,345.5,347.3,331.2
7/22/19,344,438,354,356.1,343
7/19/19,353.7,423,349.9,353.7,346.3
7/18/19,334.7,442,328.3,341.6,328.2
7/17/19,327.1,501,329.6,333.3,325.9
7/16/19,332.4,532,336.5,342.5,330.6
7/15/19,336.6,526,346.8,346.8,331
7/12/19,348.6,526,353,355.6,346.5
7/11/19,355.8,424,368.1,369.5,353.5
7/10/19,367,335,364.5,374.1,360.5
7/9/19,368.7,437,377.2,379.5,363.7
7/8/19,377.2,314,384.3,384.5,373.6
7/5/19,383.9,239,383.9,389.6,381.1
7/3/19,383.2,223,387.3,390.5,380.2
7/2/19,391.1,537,393.2,407.7,383.3
7/1/19,394.1,502,379.3,394.1,379.1
6/28/19,375.1,273,381.9,381.9,373.4
6/27/19,378.7,276,383.8,389.8,378.6
6/26/19,383.9,371,397.5,399.7,381.9
6/25/19,393.8,205,387.1,395.9,386.9
6/24/19,392.1,288,403.3,407.9,389.1
6/21/19,403.2,239,384.3,403.2,381.3
6/20/19,384.2,368,380,385,371.7
6/19/19,386.3,438,406.5,408.5,386.3
6/18/19,410,775,405,411.3,402.1
6/17/19,392.3,638,387.6,400.8,387
6/14/19,386,885,376.2,389.5,372
6/13/19,373.8,1007,355.2,373.8,352.2
6/12/19,354.8,1071,350.3,363.4,347.5
6/11/19,343.3,529,330.2,343.3,330.2
6/10/19,324.3,249,314,325,313.8
6/7/19,315.8,156,313,316.3,311.9
6/6/19,314.4,225,312.5,317,306.5
6/5/19,311.6,448,318,322,308.4
6/4/19,316.4,512,309.2,318.1,307.5
6/3/19,301.8,520,302.7,305.5,296.3
5/31/19,305.5,562,306.9,309.5,296.6
5/30/19,309.3,573,312.4,319.2,304.2
5/29/19,316.2,1208,303.7,317,286.1
5/28/19,307.5,662,323.9,323.9,307.5
5/24/19,326.5,256,324.7,328.3,320.9
5/23/19,323.7,467,318.5,329.4,318.2
5/22/19,319,241,318.6,322.9,315.3
5/21/19,317.9,431,313.1,324.5,311.7
5/20/19,313.6,396,324.6,325.2,310.9
5/17/19,324,422,328.7,328.7,321.1
5/16/19,328.1,316,328.5,330.3,324
5/15/19,326.2,503,334.2,335,323.9
5/14/19,335.9,520,346,348,330.8
5/13/19,343.5,534,365,366.5,343.5
5/10/19,358.5,371,354.8,364.4,352.6
5/9/19,358.5,363,350.7,360.4,347.2
5/8/19,346.1,394,339.9,356.8,337
5/7/19,341.8,178,344.5,346.8,340
5/6/19,347.9,229,348.9,349.1,342.7
5/3/19,349.3,550,349.1,360.6,347.8
5/2/19,348.5,561,344.3,353,344.1
5/1/19,338,406,341,341.4,334
4/30/19,343.7,371,344.9,347.5,337.5
4/29/19,342.7,428,350.6,350.9,341.6
4/26/19,350.7,645,352.5,354,346.4
4/25/19,343.8,736,338.3,345.1,336.8
4/24/19,330.1,775,314.7,332.7,310.2
4/23/19,314.9,664,318.2,319.8,311.1
4/22/19,323.6,379,327,328.9,320.7
4/18/19,335.7,339,336.1,338.5,333
4/17/19,338.9,658,333.2,341.5,330.3
4/16/19,335.8,764,345,346.5,333.6
4/15/19,348,427,347,353.6,343.2
4/12/19,348.7,426,339.8,349.4,336.8
4/11/19,340.3,239,344.1,347.7,338
4/10/19,342.4,302,342.3,344.8,336
4/9/19,340,628,346.1,346.1,338.1
4/8/19,345.5,381,351.8,352.5,344.6
4/5/19,352.8,399,354.8,357.7,351.1
4/4/19,360.3,237,362,365.5,357.9
4/3/19,365.2,357,356,367.2,356
4/2/19,359.9,496,365.4,367.7,353.3
4/1/19,365.7,381,359,367.7,359
3/29/19,360.2,620,372.9,372.9,359.9
3/28/19,374.9,542,367,381.6,366.4
3/27/19,366.6,187,367.1,372.4,365
3/26/19,369.2,289,365.1,376,361.1
3/25/19,363,392,367.3,371,361
3/22/19,368.3,487,374.3,374.7,363.4
3/21/19,378.4,264,382.5,386.1,378
3/20/19,381.1,243,385.5,386.6,377.6
3/19/19,385.5,210,390,393.8,384.1
3/18/19,390.6,245,395,399,388.2
3/15/19,390.2,235,386.2,393.4,381.4
3/14/19,386.8,200,395,396.4,385.6
3/13/19,395.8,206,395.1,398.6,388.6
3/12/19,399.3,458,411.3,412.6,393.6
3/11/19,411.8,614,395.1,411.8,392.6
3/8/19,396.8,505,387,396.8,383.1
3/7/19,381.8,650,380,385.5,378
3/6/19,370.5,573,363.8,375.1,360.1
3/5/19,360.1,802,366,367.7,358
3/4/19,367.4,570,380.8,380.8,367.4
3/1/19,382.4,559,384,386.5,377.6
2/28/19,391.4,402,394,396.5,389.7
2/27/19,390.6,330,391.1,391.9,386
2/26/19,393.2,419,393.8,400.6,390.5
2/25/19,395.4,349,390,398.6,387.4
2/22/19,393.5,246,395.6,405.3,389.7
2/21/19,394.3,267,382.5,400,379.9
2/20/19,389,528,399.1,402.2,386.8
2/19/19,397.4,462,400.7,402.3,393.5
2/15/19,408.3,357,416.3,418,408.3
2/14/19,423.3,582,417.5,429.4,406.6
2/13/19,416.4,372,400.9,416.4,399.5
2/12/19,401.4,331,400.1,403.5,396
2/11/19,404.1,457,415,417.3,404.1
2/8/19,419.1,359,418.1,422.2,412.3
2/7/19,424.5,522,428.8,429.7,424.5
2/6/19,439.5,820,439.2,444.9,423.9
2/5/19,438.9,581,427.2,438.9,425
2/4/19,423.9,327,422.1,426.2,419.8
2/1/19,419.2,496,418.8,425.8,416.5
1/31/19,416.2,944,427.5,428,411.2
1/30/19,416.5,434,410,416.5,407.5
1/29/19,401.5,643,393.7,404.2,393.7
1/28/19,389.7,445,383.1,393.2,379
1/25/19,381.5,836,382.7,392.2,380.1
1/24/19,381.1,629,365,381.1,362.8
1/23/19,366.1,605,367.4,372,364
1/22/19,363.4,366,355,367.7,353.4
1/18/19,354.9,258,360.4,362,353.4
1/17/19,359.4,308,360.6,363.7,358.2
1/16/19,361.5,580,353.3,364.1,347.6
1/15/19,353.4,453,351.3,353.4,346.8
1/14/19,338.4,259,344,347.3,338.1
1/11/19,343.2,368,344,346.9,338
1/10/19,346.4,474,334.3,348.5,334.2
1/9/19,336.3,461,343.5,347.8,334.1
1/8/19,340.2,572,330.9,343.6,326.1
1/7/19,330.8,172,332.2,333,328
1/4/19,329.9,190,328.7,331.1,325.6
1/3/19,329.5,311,335.4,337.7,327.8
1/2/19,333.2,258,336.8,337,332.2
12/31/18,337,171,335.5,339.5,334.5
12/28/18,334,151,337.8,337.8,332.7
12/27/18,336.4,184,341.8,341.8,335
12/26/18,336.2,146,339.7,339.7,333.7
12/24/18,338.4,184,338.5,341.8,337.4
12/21/18,339.3,426,335.6,342.5,335.3
12/20/18,334.8,485,336,339.7,332.7
12/19/18,335.8,672,324.9,340.3,323.6
12/18/18,325.3,451,322.7,329.2,315.6
12/17/18,320.7,502,326.1,329.4,317.7
12/14/18,321.6,178,322.4,323.6,319.7
12/13/18,323.2,238,323.3,326,318.3
12/12/18,322.2,304,317.5,325.4,317.4
12/11/18,316.4,276,318.2,321.3,315.2
12/10/18,317.1,467,331.6,331.6,316.9
12/7/18,331.9,383,321.4,334.5,318.3
12/6/18,319.5,221,321.2,321.7,318.1
12/4/18,321.8,318,326.9,328.5,319.7
12/3/18,334.8,561,337.2,337.4,327.3
11/30/18,323.9,490,329,329.1,322.5
11/29/18,329.7,805,339.8,343,327.8
11/28/18,336.7,480,345,345,335
11/27/18,346.2,434,357.9,367,344.7
11/26/18,355.7,232,365,370.8,352.6
11/23/18,362.3,176,367,369.9,360.9
11/21/18,365.7,320,359,371,358
11/20/18,356,160,357.3,358.7,347
11/19/18,358.5,363,366.4,366.4,355.4
11/16/18,351.4,328,363.2,363.2,351.4
11/15/18,366.4,626,371.3,371.3,352.2
11/14/18,356.3,130,356.3,356.3,356.3
11/13/18,341.3,457,348,348,338
11/12/18,353,351,359.2,362.9,348.5
11/9/18,358.4,575,347.3,363.8,347.3
11/8/18,349.5,330,336.5,351.2,336.3
11/7/18,340.8,279,348,353.2,339
11/6/18,350.3,354,339.6,351.4,338.1
11/5/18,344.4,910,352,356.7,335.9
11/2/18,341,388,341,341,341
11/1/18,326,423,321.1,326,321.1
10/31/18,311,484,303.8,317.2,300
10/30/18,302.4,369,304.5,307.9,299.1
10/29/18,303.3,381,308,310.3,299.2
10/26/18,306.8,460,311.8,318.5,303.7
10/25/18,305.7,524,305.1,318,297.7
10/24/18,303,342,313.3,314,302.1
10/23/18,314.3,221,320.3,320.3,313.4
10/22/18,320,316,326.5,326.5,317.3
10/19/18,328.5,218,325.2,331,322.7
10/18/18,325.9,394,335,338,324.7
10/17/18,333.9,214,336.5,339.1,332.7
10/16/18,339.9,684,327.2,340.2,327.2
10/15/18,325.2,521,324.1,328.6,321.2
10/12/18,320.1,724,320.9,326.7,316
10/11/18,324.2,517,331,335.5,324.2
10/10/18,339.2,564,346,346.8,335.1
10/9/18,349,420,347.5,354.8,344.7
10/8/18,353.5,191,352.5,357,343.2
10/5/18,350.3,597,360.7,372,348.1
10/4/18,361.4,570,357.1,365,352.1
10/3/18,353.6,713,342,361.3,338.2
10/2/18,346.3,657,335.2,349.7,333.5
10/1/18,337.4,674,343.1,343.1,331.6
9/28/18,344.4,647,352,354.9,344.4
9/27/18,359.4,708,353.6,363.5,349.6
9/26/18,351,643,337.9,351.9,334.7
9/25/18,336.9,379,335,341,333.6
9/24/18,339.6,272,343.5,343.8,330.6
9/21/18,340.3,343,335.1,342,334
9/20/18,345,691,352,353,333.9
9/19/18,347.2,375,349.6,352.1,341.8
9/18/18,348.1,515,358.9,359.9,348.1
9/17/18,363.1,571,371,377.7,355
9/14/18,370,410,373,373,364.5
9/13/18,378.5,454,377.4,380.3,367
9/12/18,373.9,318,384.6,388.8,371.2
9/11/18,382.5,538,388.6,396.7,380.6
9/10/18,383.3,548,382.6,390.8,375
9/7/18,382.5,511,402.7,402.7,382.5
9/6/18,397.5,545,406,411.2,397.4
9/5/18,412.4,319,419.6,425.2,406.8
9/4/18,419,375,410.1,423.3,407.6
8/31/18,411.8,522,399.7,417.6,393.6
8/30/18,402.6,468,414.9,416.6,399.2
8/29/18,411.4,427,419.4,424.5,410.3
8/28/18,420.4,255,422.3,427.4,417.4
8/27/18,412.8,439,415,428.5,410.2
8/24/18,415.2,504,412.9,428.9,412.9
8/23/18,413.9,211,422.2,422.8,413.9
8/22/18,458.6,494,464.9,465,452.9
8/21/18,467.9,402,475.8,482.1,464
8/20/18,475.8,670,486.1,486.8,459.2
8/17/18,472.5,423,466.3,472.5,466.3
8/16/18,457.5,214,457.5,457.5,457.5
8/15/18,442.5,892,446.4,457.9,432.3
8/14/18,444.9,549,441.8,444.9,437.7
8/13/18,429.9,494,421.5,429.9,420.6
8/10/18,414.9,397,414.7,421.3,412
8/9/18,410.7,515,406.5,422.7,404
8/8/18,411.4,653,418.8,422.3,411.4
8/7/18,426.4,358,422.6,427.9,418.6
8/6/18,422.7,581,425.5,430,417.6
8/3/18,430.5,619,420.9,436.1,413.4
8/2/18,425.4,516,425.4,432.3,425.4
8/1/18,440.4,361,455.4,455.4,440.4
7/31/18,455.4,634,446.9,459.3,440.3
7/30/18,445.5,930,453.3,457.7,440
7/27/18,463.3,303,468.1,468.1,463.3
7/26/18,478.3,210,488,492,478.3
7/25/18,493.3,399,495.3,498.9,483.9
7/24/18,488.5,368,480,492.3,475.1
7/23/18,477.3,400,485.9,486.3,471.5
7/20/18,485.8,992,485.6,490,470.2
7/19/18,484.9,274,484.9,490.6,484.9
7/18/18,499.9,179,503.8,506.8,499.9
7/17/18,514.9,541,517.6,526.2,505.3
7/16/18,519.6,341,519,527.2,515.4
7/13/18,520.7,259,527.1,529,517.9
7/12/18,520.1,646,517.9,530,509.7
7/11/18,521.8,499,533.2,535.5,517.3
7/10/18,532.3,458,530,538.4,528.8
7/9/18,530,506,542.5,545,525.5
7/6/18,538.3,314,541,545.1,535.1
7/5/18,541,772,545.4,547.3,530.2
7/3/18,545.2,425,555.2,561.8,543.2
7/2/18,557.5,585,559.7,562.8,552.7
6/29/18,552.5,534,545,555.8,545
6/28/18,540.8,551,534.9,543.8,533.2
6/27/18,536.5,611,543.7,547.7,533
6/26/18,545.8,436,544,552.4,542.6
6/25/18,564.1,428,555,570.3,548.4
6/22/18,560.1,699,562,562,552.6
6/21/18,547,830,524.3,547,523
6/20/18,532,1665,525.2,537.3,510.2
6/19/18,528.2,598,539.2,543.2,528.2
6/18/18,543.2,531,560.2,561.9,543.2
6/15/18,558.2,748,565.8,566.6,551.3
6/14/18,566.3,1370,540,572,538.1
6/13/18,554.6,346,562.7,562.8,554.6
6/12/18,569.6,528,572,573.7,569.6
6/11/18,579.6,474,584,588.7,579.6
6/8/18,589.6,531,598.9,603,589.5
6/7/18,599.5,482,596.8,602.7,593.1
6/6/18,592.7,439,590,596.8,589.5
6/5/18,588.8,498,584,595,583.6
6/4/18,588.4,394,589.8,593.2,585.6
6/1/18,593.6,557,604.8,606.1,587.8
5/31/18,597.1,859,591,608.6,589.4
5/30/18,599.1,574,610.8,611,599.1
5/29/18,609.1,1118,614.3,614.3,595.2
5/25/18,599.3,33,599.3,599.3,599.3
5/24/18,589.3,207,589.3,589.3,589.3
5/23/18,579.3,1677,579,609,579
5/22/18,594,113,594,594,594
5/21/18,609,528,612.9,612.9,609
5/18/18,624,983,639.8,648.5,624
5/17/18,639,598,635,639,631.6
5/16/18,629,143,629,629,626.8
5/15/18,619,1159,618.8,627.7,606.2
5/14/18,612.7,512,607.1,612.7,606
5/11/18,602.7,140,602.7,602.7,602
5/10/18,592.7,508,589.8,601.2,589.8
5/9/18,591.2,581,590.9,594.9,584.1
5/8/18,592.4,640,587.6,594.6,583.1
5/7/18,586.5,577,583.1,586.5,582.2
5/4/18,576.5,196,576.5,576.5,576.5
5/3/18,566.5,893,570.1,576,565.1
5/2/18,575.1,844,575,581,570.5
5/1/18,572.1,772,564.2,572.1,563.3
4/30/18,562.1,447,557.7,564.3,557.7
4/27/18,557.9,508,550.9,559.4,550.8
4/26/18,552.2,593,548.1,552.6,545.5
4/25/18,545.4,642,546,548.3,544.6
4/24/18,556.6,639,550.1,556.7,546.3
4/23/18,546.7,541,547.2,551,542
4/20/18,548.6,694,549.9,551.5,546.2
4/19/18,552.2,848,550.6,554.8,546
4/18/18,550.7,777,543.4,552.1,543.4
4/17/18,542.1,652,535.5,545.7,535.5
4/16/18,535.8,623,530.1,536.8,529.5
4/13/18,526.8,338,526,532.5,526
4/12/18,524.3,436,520.8,529.7,518.4
4/11/18,523.1,772,532.7,533.8,523.1
4/10/18,533.1,540,538.1,539.7,531.9
4/9/18,534.2,459,533.3,536,530.1
4/6/18,536.2,562,538.5,540.4,530
4/5/18,536.4,776,527.8,536.4,527.1
4/4/18,526.4,452,526.4,526.4,522
4/3/18,516.4,612,513,522.7,513
4/2/18,512.7,575,518,519.4,512
3/29/18,515.7,694,510.9,517.1,510.9
3/28/18,505.9,N/A,505.9,505.9,505.9
3/27/18,505.9,N/A,499.4,507.1,498
3/26/18,497.1,437,488.2,497.6,488.2
3/23/18,487.6,266,482.7,491.4,482
3/22/18,484.8,294,481.3,487.3,480.7
3/21/18,482.8,288,487.9,489.6,481.3
3/20/18,489.7,133,487.1,490.5,487
3/19/18,486.6,253,484.5,493.3,484.5
3/16/18,489.1,421,493.3,496,487.5
3/15/18,494.4,579,483.2,494.4,477.3
3/14/18,484.4,244,485.8,488,482.5
3/13/18,485.2,253,486.8,488,483.6
3/12/18,486.4,460,484.1,492.7,481.4
3/9/18,483.4,339,476.5,486.3,475
3/8/18,477,568,475.5,482,474.1
3/7/18,478.6,609,488.9,488.9,478.6
3/6/18,488.6,772,480.6,489.5,478
3/5/18,479.5,980,484.3,487.7,473.8
3/2/18,483.8,914,485,488.4,481.7
3/1/18,491.7,525,491.7,494.5,491.7
2/28/18,501.7,581,510.8,513,501.7
2/27/18,523,410,523.2,524.7,519
2/26/18,515.1,448,517.9,517.9,513.6
2/23/18,515.4,536,512.9,519,512
2/22/18,515.9,850,517,519.5,510
2/21/18,526.4,1004,520.7,526.8,518.1
2/20/18,516.8,927,514.1,517.8,506
2/16/18,507.8,606,510,510.6,506.8
2/15/18,500.7,699,504.3,509.2,500
2/14/18,500.6,998,495.1,501.5,495
2/13/18,491.5,421,486.6,495,486
2/12/18,485.5,362,482.8,492,481.8
2/9/18,483,514,493,493.7,482.4
2/8/18,491.9,527,493.2,496.6,490
2/7/18,493.7,737,484.5,494,484.5
2/6/18,484,469,474,487.9,473.1
2/5/18,477.9,341,479.7,481.2,474.9
2/2/18,483.7,635,481.1,485.1,477.4
2/1/18,475.1,430,474.2,479.9,472.9
1/31/18,470.9,560,468.1,477.8,468
1/30/18,467.8,737,472.3,474,467.8
1/29/18,477.8,423,489.9,489.9,477.3
1/26/18,487.3,617,485.1,488,482.3
1/25/18,478,491,475,482.9,473.7
1/24/18,472.9,269,473.1,476.6,472.5
1/23/18,471.9,349,473.9,475.9,469.8
1/22/18,428.9,N/A,428.9,428.9,428.9
1/19/18,429.8,N/A,477.5,481.7,473.1
1/18/18,479.5,435,477.5,481.7,473.1
1/17/18,476.4,529,473.4,479.5,471.4
1/16/18,474.7,587,469.5,475,467.8
1/12/18,466.1,446,464.8,469.2,462.8
1/11/18,463.8,654,462.2,465.6,460.2
1/10/18,460.7,572,458.6,462.7,458.5
1/9/18,456.7,454,456.7,460.7,455
1/8/18,459.9,478,459.1,462.4,455.1
1/5/18,459.1,815,454.1,460.7,451.7
1/4/18,454.1,519,453,455.7,450
1/3/18,452.6,547,448.7,454.7,447.4
1/2/18,449.5,504,443.1,451.9,443.1
12/29/17,441.9,388,444.2,445.7,439.6
12/28/17,444.1,509,441.8,445.2,439.6
12/27/17,444.4,248,442,445.7,442
12/26/17,444.4,236,443.9,445.7,441.5
12/22/17,442.8,331,440,444.6,439.4
12/21/17,435.9,413,425.3,435.9,425.3
12/20/17,430.6,757,431.2,431.7,428.5
12/19/17,431.2,1070,437.2,441.9,429.4
12/18/17,434.9,724,435,439,429
12/15/17,431.9,506,428,434.5,426
12/14/17,430.7,754,427.9,431.1,425.2
12/13/17,421.1,564,420.9,425.7,417.2
12/12/17,423.5,502,425.7,427.4,422.5
12/11/17,429.9,405,429.7,432.7,426.2
12/8/17,429.7,651,424,430.7,424
12/7/17,425.9,450,423.6,429.5,423.6
12/6/17,424.4,386,420,426,418.6
12/5/17,422.5,566,426.2,427,422.5
12/4/17,432.5,330,437.4,438.6,431.2
12/1/17,435.4,742,432.3,437.7,430
11/30/17,427.7,436,421,430.3,420.7
11/29/17,421.8,623,428.6,429.7,419.8
11/28/17,426.2,455,420.7,426.2,419
11/27/17,416.2,633,421.1,421.1,411.2
11/24/17,420.7,640,425.6,426.1,418.1
11/22/17,427.5,639,435,435.3,426.7
11/21/17,431.3,656,429.1,435,425
11/20/17,429.7,625,438.5,440.3,429.7
11/17/17,439.7,321,451.9,451.9,439.7
11/16/17,449.7,434,452.2,455.9,448
11/15/17,449.4,591,450.7,454,444.5
11/14/17,452.5,374,453.6,455.7,448.3
11/13/17,456.3,379,460.8,461.6,451.7
11/10/17,459.6,355,455.7,461.9,455.5
11/9/17,455.4,372,456,456.7,452.5
11/8/17,455.8,449,455.7,459,451.6
11/7/17,457.1,967,452.5,459.6,452.4
11/6/17,449.6,774,437.5,449.6,437.5
11/3/17,439.6,659,435.8,442.8,435
11/2/17,443.6,810,454.2,456.5,443.6
11/1/17,453.6,1420,448,454,446.5
10/31/17,444,763,439.3,448,439.3
10/30/17,438.7,610,437.5,440.3,435.5
10/27/17,444.2,710,437,445.3,435.1
10/26/17,435.3,556,432.1,436.5,432.1
10/25/17,432.6,375,430.1,434.2,428.3
10/24/17,433.7,614,435.5,438,429.2
10/23/17,435.6,730,424.1,437.5,424.1
10/20/17,427.5,516,428,430.7,425.4
10/19/17,426.7,505,422.1,428.4,421.3
10/18/17,423.7,513,425,425.7,420.4
10/17/17,428.5,446,433.5,434.4,425.4
10/16/17,429.8,720,426.4,433.5,424.5
10/13/17,424.3,692,422.5,426.3,421
10/12/17,417.2,525,411.8,419.2,411.8
10/11/17,409.2,365,408.1,411.3,407.3
10/10/17,407.3,634,416.3,417.5,406.3
10/9/17,413.7,204,414,417,411.6
10/6/17,412.1,239,412,413.8,410
10/5/17,408.9,407,407.8,413.7,405.7
10/4/17,408.8,360,412.3,412.3,405.3
10/3/17,410.4,462,407,412.5,407
10/2/17,406.8,391,402.2,408.4,402.2
9/29/17,402.2,637,403.8,408.5,400.6
9/28/17,402.4,865,397.8,403.5,397.1
9/27/17,393.5,568,387.7,396.5,387
9/26/17,388.9,329,389.8,392.3,386.1
9/25/17,390,363,392,394.8,388.5
9/22/17,393.1,609,389,394.5,389
9/21/17,388.4,466,390.1,391.7,387.3
9/20/17,390,484,389.5,391.4,388
9/19/17,381.8,591,382.8,388.8,379.6
9/18/17,379.2,330,377.3,381.8,373.6
9/15/17,379.2,255,381.7,383.8,377.6
9/14/17,378.9,296,380.3,383.3,378
9/13/17,378.9,279,379.5,381.2,378.1
9/12/17,376.1,430,375.4,379.3,372.1
9/11/17,378.1,581,380.9,382.8,378.1
9/8/17,388.1,706,387.2,391.8,384.3
9/7/17,382.9,608,379.4,384.8,378.4
9/6/17,379.3,915,385.3,385.8,378.1
9/5/17,384.2,1174,375.8,384.2,375.7
9/1/17,374.2,535,374,376.5,373.4
8/31/17,371.8,785,370,374,369.3
8/30/17,366.3,402,361.7,367.3,360.3
8/29/17,376.3,756,371.6,376.8,370.1
8/28/17,380.1,504,374.2,382,374
8/25/17,372,556,379.6,381.8,370.2
8/24/17,373.9,589,366.1,375.9,365
8/23/17,365.9,146,367.9,367.9,364.1
8/22/17,367.6,167,367,369.4,365.2
8/21/17,365.3,281,368,369.5,362.9
8/18/17,366.3,334,369.6,370,365
8/17/17,371.3,257,371,374.3,370
8/16/17,370.3,273,370,372,366.2
8/15/17,373.6,362,373,375,370.1
8/14/17,370.3,363,365.5,372.7,365.5
8/11/17,365.4,550,363.2,366,360.4
8/10/17,365.5,439,368.5,368.5,363.2
8/9/17,368,350,373.5,374.6,367.4
8/8/17,368,488,366.2,371.6,364.1
8/7/17,367.6,474,369.8,370.5,366.4
8/4/17,373.8,370,378.2,378.2,373.8
8/3/17,383.8,332,386.3,387.6,377.1
8/2/17,384.7,452,383.1,388,381
8/1/17,380.9,430,379.6,382.8,379.6
7/31/17,378.3,540,378,381.2,371.2
7/28/17,377.7,308,380.8,383.1,376.2
7/27/17,381.4,249,380.7,382.4,378.9
7/26/17,377.5,304,377.4,381.4,376
7/25/17,377.2,346,379.3,380.7,375.6
7/24/17,378.9,543,388.8,389.2,377.3
7/21/17,386.7,405,393.7,394.5,385.7
7/20/17,388.6,765,393.3,394.9,386.5
7/19/17,388.8,487,387.2,391.6,385.3
7/18/17,385.5,645,389.6,392,382.7
7/17/17,387.3,552,382.4,387.3,382
7/14/17,377.3,577,370.6,377.4,370.4
7/13/17,367.4,380,369.6,371.9,366.1
7/12/17,371.2,624,372.5,374.9,369.2
7/11/17,369.1,792,365.7,370.2,365.1
7/10/17,360.2,829,353.4,362.8,353.4
7/7/17,352.8,255,350.8,354.6,350
7/6/17,352.8,367,355.6,355.8,344.4
7/5/17,354.4,318,353.4,356,351.3
7/3/17,357.7,132,357.2,358.7,352.6
6/30/17,356.1,600,352,359.7,350.5
6/29/17,352.5,362,345.5,352.5,345.5
6/28/17,342.5,502,334.7,344.5,334.6
6/27/17,353.6,534,355.1,356.2,352.6
6/26/17,360.9,619,362,366.8,354.8
6/23/17,363.7,149,362,365.3,361.8
6/22/17,363,273,361.8,364.3,359.1
6/21/17,360.1,200,365.7,365.7,357.4
6/20/17,363.6,310,368.2,369.3,363.3
6/19/17,368.2,303,363.2,370,362.7
6/16/17,363.4,247,364.8,366,362
6/15/17,365.5,362,368.7,369.2,364.3
6/14/17,368,259,368.9,370,365.6
6/13/17,368.9,564,370.2,372.6,367.5
6/12/17,370.2,348,364.2,372.4,363.4
6/9/17,364.4,209,362.5,366.6,362.5
6/8/17,363.6,446,361,367,360.5
6/7/17,357.9,506,357.8,362.8,353.8
6/6/17,355,261,352.9,361.6,351.9
6/5/17,351.6,406,351.2,355.6,349.9
6/2/17,353.5,437,354.8,354.9,350.6
6/1/17,353.2,921,351,355.1,350.1
5/31/17,345.1,627,344.3,349.3,340.3
5/30/17,346.8,715,356,359.2,345
5/26/17,354.2,332,351.3,355,350.4
5/25/17,353,657,363,363.5,351.6
5/24/17,361.6,256,362.8,365.6,361
5/23/17,362.7,207,362.9,364.3,361.3
5/22/17,363.3,323,362.3,364.8,360.2
5/19/17,363,426,368,368,362.2
5/18/17,367.7,355,374,375.2,366.7
5/17/17,373.7,472,372,377.7,370.5
5/16/17,371.7,338,370,373.8,367.1
5/15/17,373.4,893,366.8,374.2,362.7
5/12/17,364.2,912,373,373.9,364
5/11/17,372.6,656,371.7,378,369.2
5/10/17,374.4,743,384.6,384.9,374.4
5/9/17,384.4,266,387.5,388,384
5/8/17,387.5,223,389.9,392.3,384.9
5/5/17,388.8,304,395,396.6,386.6
5/4/17,395.1,304,391.2,395.6,390.2
5/3/17,390.1,411,391.1,396.2,386.1
5/2/17,390.8,437,391.9,396.9,388.9
5/1/17,392.2,640,387.1,395.2,386.6
4/28/17,386.1,429,388.7,390,383.4
4/27/17,386,470,387.1,389.6,385
4/26/17,385,845,384,396.4,383
4/25/17,392.9,466,392.9,392.9,392.9
4/24/17,395.1,785,400.9,402.7,390.4
4/21/17,398.5,520,390.8,398.8,390.8
4/20/17,388.8,417,387.8,393.5,386.4
4/19/17,387.4,270,387.2,392.1,384.1
4/18/17,385,502,390.2,390.5,382.2
4/17/17,386.7,337,387.9,392,384
4/13/17,385,700,393.2,399.6,383.5
4/12/17,393.5,492,405.2,407.2,393.5
4/11/17,403.5,524,393.7,403.8,391
4/10/17,393.8,1234,414.6,414.6,390.9
4/7/17,399.6,270,399.6,399.6,399.6
4/6/17,389.6,882,384.3,389.6,383.7
4/5/17,379.6,614,376.2,383.1,375.1
4/4/17,373.1,264,373.5,376.3,369.8
4/3/17,374,731,376.9,377.7,372.6
3/31/17,381.4,816,377.6,383.9,377.5
3/30/17,375.4,646,369.9,378.6,369.3
3/29/17,369.2,200,367.9,374.2,367.9
3/28/17,369.2,258,370.6,371,366.5
3/27/17,372.6,196,374.9,375.9,371
3/24/17,376.6,237,376.8,378.6,375.3
3/23/17,376.7,358,373.7,379.8,372.5
3/22/17,373.3,100,372.2,374.2,372.2
3/21/17,370.2,398,373.3,377.2,367.9
3/20/17,371,458,361,371.8,360.6
3/17/17,361.8,234,363.1,364.9,360.5
3/16/17,363.5,183,364.7,365,362.7
3/15/17,365.5,598,360.1,369.5,357.9
3/14/17,359.5,459,360,363.6,357.1
3/13/17,359.7,310,361,361.7,356.9
3/10/17,362.5,657,361.5,364.9,358.2
3/9/17,361.5,630,367.5,369,360.3
3/8/17,369.6,655,370,375,364.7
3/7/17,374.4,556,369.2,377.6,367.7
3/6/17,371.6,464,369.9,373.2,367
3/3/17,370.6,421,371.4,371.4,367.3
3/2/17,370.4,484,373,379.5,370
3/1/17,374.9,429,374.9,379.3,374.1
2/28/17,378.8,324,387.5,387.8,378.5
2/27/17,388.5,726,378.6,389.5,378.5
2/24/17,379.6,361,373.1,382.2,372.4
2/23/17,375.5,451,375,377.1,372.1
2/22/17,375.2,421,372.7,377.7,370.3
2/21/17,372,645,370,372.9,368.2
2/17/17,371.1,367,367.9,371.8,367.9
2/16/17,371.1,389,361.7,364.3,360.9
2/15/17,361.3,457,368.7,369.7,359.6
2/14/17,365.7,466,364.5,369.1,364.5
2/13/17,365.4,399,365,369.8,364
2/10/17,370.5,518,377,377.8,367.2
2/9/17,375.4,854,381.7,381.7,373.8
2/8/17,371.9,661,359.9,371.9,359.4
2/7/17,361.9,620,362.6,364,357.2
2/6/17,360.1,609,351.6,360.6,351.5
2/3/17,350.6,902,352,354,346.7
2/2/17,347.9,1163,342,347.9,341.8
2/1/17,337.9,813,332,340,332
1/31/17,330,643,323.5,334.1,322.7
1/30/17,324.2,387,330.3,332,323.6
1/27/17,328.4,329,327.3,331.8,327
1/26/17,332,434,331.8,333.8,328.1
1/25/17,328.7,533,322.5,330.8,321.7
1/24/17,320.8,551,320.9,323.1,318.1
1/23/17,321.5,361,327,327.3,320.2
1/20/17,325.5,160,327,328.4,323.3
1/19/17,325.6,219,325.3,327.8,323.2
1/18/17,326.8,408,331.7,333.8,326
1/17/17,334.7,653,333,339,331.5
1/13/17,333.3,733,325.7,336.8,325.1
1/12/17,326.8,353,329,329.5,325.7
1/11/17,328.8,568,322.2,332.6,322.2
1/10/17,322.6,278,322,324,320.2
1/9/17,322.1,568,327.3,327.6,320.7
1/6/17,328.2,478,328.5,331.9,326.6
1/5/17,328.6,254,327.6,329.9,326.1
1/4/17,327.9,270,328.7,328.7,325.6
1/3/17,329.1,409,328.9,332.3,326.3
12/30/16,329.4,400,325.3,331.8,325.3
12/29/16,324.5,288,324.4,325.3,320.7
12/28/16,322.5,716,315.9,326,314.2
12/27/16,316.3,226,318.9,319.5,315.8
12/23/16,318.6,269,318,322,315.7
12/22/16,318.2,173,321,321,318
12/21/16,320.3,365,319,322.5,315.2
12/20/16,319.9,398,316.9,323.2,316.9
12/19/16,316.9,251,322.3,322.6,315.7
12/16/16,309.3,417,313.5,313.9,308.8
12/15/16,321.6,417,313.5,313.9,308.8
12/14/16,313.5,308,314.6,317.6,313.1
12/13/16,316,259,315.7,318.5,314.7
12/12/16,315.5,314,315.9,318.4,314.7
12/9/16,317.3,414,321.6,322.2,317.1
12/8/16,322.8,341,325.6,327.1,321.7
12/7/16,328.7,395,332.1,333,326.3
12/6/16,331.4,306,331.8,332.8,329.5
12/5/16,332.9,302,334.8,335.5,328.5
12/2/16,337.2,584,332.6,338.3,331.1
12/1/16,331.1,478,330.8,333.3,328.2
11/30/16,329.8,650,335,335.3,328.3
11/29/16,330.3,696,336.8,336.8,328.8
11/28/16,337.9,961,340,344.4,336.9
11/25/16,334.4,164,334.4,334.4,334.4
11/23/16,324.4,467,322,327.9,318
11/22/16,322.5,210,323.2,325.4,320.1
11/21/16,321.5,235,323.7,323.7,318.7
11/18/16,320.7,318,321.9,322.6,318.3
11/17/16,323.1,552,323.3,324.7,321.7
11/16/16,315.6,436,310.3,321.7,310.3
11/15/16,312.9,540,310.9,314.5,306.7
11/14/16,313.4,452,321.3,322.2,312
11/11/16,319.8,330,320.4,322.7,318.7
11/10/16,316.7,407,317.2,318.1,312.8
11/9/16,316,376,315.9,318.6,313.4
11/8/16,311.2,292,311.3,312.5,309.3
11/7/16,311.9,326,311.7,315.3,311.5
11/4/16,312.2,252,313.2,315.6,310.9
11/3/16,311.1,350,308.4,316.8,307.4
11/2/16,308.5,393,313.7,314.1,307.3
11/1/16,308.3,940,307.5,319,302.6
10/31/16,309.2,556,312,314.9,307.6
10/28/16,311.1,582,314.9,315.3,310.4
10/27/16,315.1,428,317.3,318.5,315.1
10/26/16,316.7,328,318.3,318.6,316.3
10/25/16,318.8,336,323.3,326.3,318.4
10/24/16,319.6,326,321,325.3,319.3
10/21/16,320.2,307,320.1,322.5,318.1
10/20/16,321.7,207,326,326.5,321.2
10/19/16,326.6,531,322.5,328.5,319.5
10/18/16,322.7,490,312.8,313.3,308.6
10/17/16,315,669,323.7,324.4,314
10/14/16,323.4,358,328,328,322.2
10/13/16,328,561,333.5,333.5,325.1
10/12/16,334.6,325,333.6,335.5,332.1
10/11/16,332.3,542,337.1,338.1,332.3
10/10/16,342.3,450,339.5,343.7,339
10/7/16,343.1,527,336.8,345.7,334
10/6/16,336,333,332.1,338.2,331.7
10/5/16,331.7,413,331.4,335.7,329.6
10/4/16,330.3,395,331.4,333,328.4
10/3/16,334.9,669,336.7,338.8,333.9
9/30/16,336.4,934,332.6,340.1,331
9/29/16,330.1,463,326.2,331.8,323.7
9/28/16,325.6,262,322.5,327.2,322.5
9/27/16,326.2,252,327,329,321.7
9/26/16,327.1,N/A,327.1,327.1,327.1
9/23/16,327.1,440,329.8,331.9,325.6
9/22/16,325.4,774,316,325.4,315.2
9/21/16,315.4,617,308.1,316.3,308.1
9/20/16,306.3,285,308.4,309.7,305.2
9/19/16,305.6,351,302.6,311,302.5
9/16/16,303.9,329,303.7,305.3,301.4
9/15/16,301,680,308.1,310.2,299.8
9/14/16,307.6,372,308.5,311.7,306.2
9/13/16,307.8,329,311.4,313.2,307.1
9/12/16,311.4,370,311.3,317.7,310.4
9/9/16,309.4,247,310.5,312.5,308.8
9/8/16,308.2,259,310.4,312,307.6
9/7/16,311.4,405,313.6,315.7,308.3
9/6/16,313.6,800,310.9,315.8,310.9
9/2/16,313.6,419,310.9,311.8,305.8
9/1/16,305.8,419,310.9,311.8,305.8
8/31/16,311.1,829,319.5,319.8,309.1
8/30/16,319.1,457,321.7,322.3,317.7
8/29/16,319.8,680,319.3,322.7,318
8/26/16,322.7,523,337,337.9,329.2
8/25/16,329.7,523,337,337.9,329.2
8/24/16,335.4,511,335.5,337.6,333.2
8/23/16,336.2,830,320,321.2,317.3
8/22/16,325,646,323.3,329.9,320.3
8/19/16,323.2,257,320.9,323.5,319.1
8/18/16,322.3,257,320.9,323.5,319.1
8/17/16,320.3,362,321.3,322.8,319.5
8/16/16,323,199,323.8,324.8,321.5
8/15/16,323.3,222,325.5,327.6,322.1
8/12/16,324.6,197,321.8,325,321.2
8/11/16,324.1,197,321.8,325,321.2
8/10/16,322.6,820,330.8,333.1,321.1
8/9/16,330.7,488,334.9,336.7,328.4
8/8/16,332.2,512,323.3,332.2,323.3
8/5/16,322.2,352,323.9,326,321.8
8/4/16,322.6,352,323.9,326,321.8
8/3/16,317.1,404,316.6,324.8,315.4
8/2/16,315,256,316,317.6,314.5
8/1/16,314.9,410,315.6,319.4,314.6
7/29/16,314.4,904,325.1,325.1,317.9
7/28/16,318.4,904,325.1,325.1,317.9
7/27/16,325.7,417,327.9,328.7,324.1
7/26/16,328.3,332,329,332.7,326.8
7/25/16,330.2,211,327.1,332.2,326
7/22/16,329.7,219,328.6,333.6,328
7/21/16,329.1,219,328.6,333.6,328
7/20/16,329.9,138,328.2,330.1,325.7
7/19/16,327.6,257,326.7,329.7,321.1
7/18/16,325.7,326,332.7,333.1,323.6
7/15/16,328.3,779,333.9,337.7,323.3
7/14/16,336.2,779,333.9,337.7,323.3
7/13/16,333.3,459,325,328.7,323.2
7/12/16,324.5,464,323,328.5,322.4
7/11/16,322.2,304,321.1,324.7,319.7
7/8/16,319.2,288,318.2,321.5,318.1
7/7/16,318.8,380,318.9,323,316.5
7/6/16,321.6,463,320.9,323.6,317.2
7/5/16,322.8,905,315.1,325,311.6
7/1/16,315,393,316.4,317.2,313.2
6/30/16,307.7,265,308.4,312,304.6
6/29/16,307.7,217,309.5,310.9,306
6/28/16,302.9,410,300.5,308.2,298.6
6/27/16,298.2,617,302.8,305.3,297.9
6/24/16,303.5,344,302.2,305,301
6/23/16,311,498,308.3,314,307
6/22/16,308.2,257,308.2,310.5,306.5
6/21/16,308.2,517,310.8,313.2,307.9
6/20/16,309.9,417,300.7,302.9,298.1
6/17/16,298,206,302,304.2,298
6/16/16,301.8,401,297,306.1,295.5
6/15/16,297.9,451,298.2,299.7,295.3
6/14/16,297.4,573,302.2,302.2,294.5
6/13/16,302.1,284,305,308.9,301
6/10/16,306.1,698,308.4,311.3,302.8
6/9/16,302.7,559,297.1,302.7,297
6/8/16,292.7,782,297.3,297.3,291.2
6/7/16,298.9,655,306.1,306.4,296.9
6/6/16,306.1,482,304.1,307.8,303.3
6/3/16,301.8,382,301.8,304.3,298.3
6/2/16,296.8,493,297,299.7,295.8
6/1/16,296.5,917,300.6,300.8,295.1
5/31/16,303.4,622,305.9,307.4,300.9
5/27/16,309.3,265,313.1,314,308
5/26/16,308.5,495,304.1,312.9,304
5/25/16,302.9,235,302.3,306.4,300.3
5/24/16,301,307,298.1,304.8,297.7
5/23/16,298.1,540,305,305.1,297.5
5/20/16,307.3,153,311,311.1,307.1
5/19/16,309.4,459,315.9,316.6,308.9
5/18/16,318.9,513,321.4,323.2,315.5
5/17/16,323.8,246,323.5,327.9,320.1
5/16/16,328,421,320.8,328.3,320.7
5/13/16,320.5,223,321.5,322.6,318.4
5/12/16,322.1,343,328,328.4,319.3
5/11/16,321.2,1067,322.3,331.2,314.6
5/10/16,321.5,942,316.4,323.3,315.2
5/9/16,313.9,536,307,313.9,305.5
5/6/16,303.9,368,306.2,308.8,303.1
5/5/16,302.3,568,299.1,306.4,298.5
5/4/16,298.9,324,296.9,300.6,293.6
5/3/16,297.5,326,298.5,299.5,295.1
5/2/16,302.9,274,305.1,306.6,301.5
4/29/16,305.3,616,308,310,302.7
4/28/16,309.2,459,305.2,310,303.9
4/27/16,305.4,605,296.5,305.4,296.4
4/26/16,295.4,338,295.2,301.7,292.8
4/25/16,293.7,418,287.7,297,283.8
4/22/16,287,379,282.1,285,280.6
4/21/16,279.9,492,280.7,284,278.4
4/20/16,282.6,443,283.7,284,279.5
4/19/16,282.7,553,276.9,286.2,275.4
4/18/16,276.2,610,278.4,280.5,274.3
4/15/16,280.5,750,284.7,285.4,278.5
4/14/16,287.9,391,290.5,291.9,284.8
4/13/16,293,195,294.2,298.9,291.3
4/12/16,296.7,490,291.8,300.2,290.1
4/11/16,291.2,363,289,294.1,286.3
4/8/16,290.5,345,290.1,295.6,288.1
4/7/16,293.3,239,293.2,296.8,289.6
4/6/16,293.8,318,290.1,295.8,288.1
4/5/16,288.7,403,292.5,292.6,286
4/4/16,292.6,824,296.8,297.9,290.8
4/1/16,300.7,526,306.4,307.5,300.7
3/31/16,310.7,563,311.5,315.2,308.6
3/30/16,312.3,540,309.1,315,308.1
3/29/16,312.9,687,311.3,319,308.2
3/28/16,309,458,297.1,309,296.8
3/24/16,299,409,299.3,300.7,295.1
3/23/16,303.5,315,308,308,301.2
3/22/16,311,386,310,312.2,307.7
3/21/16,307.1,454,298.3,307.1,294.1
3/18/16,297.1,403,300.8,303.6,293
3/17/16,300.3,705,301.8,304.2,297.1
3/16/16,300.3,328,287.8,297,286
3/15/16,286.3,311,285.4,288.7,283
3/14/16,286.5,549,293.7,294.7,285.4
3/11/16,291.6,585,283,291.6,283
3/10/16,281.6,380,278.2,283,276
3/9/16,279.6,396,279.3,280.9,277
3/8/16,282.8,642,282.7,284.5,275.1
3/7/16,281.6,836,277.1,282.3,276.8
3/4/16,274.6,918,269.5,274.6,268.9
3/3/16,264.6,718,255.6,264.6,254.8
3/2/16,254.6,366,254.4,255.9,252.8
3/1/16,252.3,366,253.4,254.8,251.8
2/29/16,253.2,306,252.5,255,252.2
2/26/16,253,229,256.9,258,252.9
2/25/16,256.9,281,257,259.8,256.2
2/24/16,257,259,257,258,255
2/23/16,259.9,292,262,262.5,256.7
2/22/16,262,243,258.8,262.3,258.4
2/19/16,262.6,806,264,266.8,261
2/18/16,263.1,867,258.2,263.2,258.2
2/17/16,253.3,505,248.9,256,248.4
2/16/16,249.3,548,248,253.7,246.6
2/12/16,246.5,164,246.9,248,245.7
2/11/16,245.9,440,248,250.8,245.1
2/10/16,248.6,319,249,250.2,247.1
2/9/16,250.7,464,251.6,254,244.8
2/8/16,251.4,370,251.6,254.3,249.2
2/5/16,252.8,258,251.6,253.4,249.9
2/4/16,250.4,N/A,250.4,250.4,250.4
2/3/16,251.9,652,250.9,256.1,250.7
2/2/16,248.7,467,243.3,250.2,241.9
2/1/16,240.9,630,241.9,244.4,238.7
1/29/16,240.4,679,240.8,242.4,238.4
1/28/16,241.6,792,244.4,246.8,239.6
1/27/16,242.7,565,239.3,244.8,236.2
1/26/16,236.2,445,236.5,239.6,234.3
1/25/16,233.3,384,235.1,236.6,232.5
1/22/16,234.4,572,241,241.4,234.2
1/21/16,239.3,372,240.5,242.9,238.4
1/20/16,238.4,881,245.4,246,238.4
1/19/16,248.4,254,247.8,251.5,246.7
1/15/16,245.8,421,246.2,247.4,243.8
1/14/16,248.6,224,248.5,250.3,247
1/13/16,247.6,259,247.8,252.2,247.1
1/12/16,245,350,246.1,249.4,243.9
1/11/16,245,437,246.8,247.6,243.6
1/8/16,247.1,589,247,247.7,243.2
1/7/16,246.1,864,254.4,254.4,244.4
1/6/16,254.3,307,255.5,257.6,253.7
1/5/16,255.9,383,254.1,259.3,253.8
1/4/16,253,341,254.9,255.1,252.8
12/31/15,256.1,204,256.2,258.3,255.7
12/30/15,255.4,269,256.1,257.8,255
12/29/15,254.7,541,259.7,260.5,253.7
12/28/15,259.5,277,264,264,257.8
12/25/15,265.5,N/A,265.5,265.5,265.5
12/24/15,265.5,122,266.8,267.4,265
12/23/15,266.9,388,268.5,269.5,265.2
12/22/15,268.8,267,269,269.5,266.5
12/21/15,268.1,449,266.2,270,265.2
12/18/15,266.4,414,262.8,268.3,262.8
12/17/15,260.9,282,260.8,262.7,259.4
12/16/15,260,289,260.9,262,257.1
12/15/15,255.9,576,256.7,259,254.3
12/14/15,257.4,303,259.5,261.5,255.9
12/11/15,260.8,225,261.9,262.5,259.4
12/10/15,263.7,428,262.4,267.1,260.8
12/9/15,264.8,553,267.6,269.9,263.1
12/8/15,267.4,799,263.2,268.7,262.1
12/7/15,262.1,720,253.5,262.1,253.5
12/4/15,252.1,557,252,254.9,247.8
12/3/15,244.9,372,247.6,247.7,243.2
12/2/15,240.8,485,242.1,244.2,240.6
12/1/15,241.7,765,246.8,248.1,241.5
11/30/15,245.8,833,247.5,252.6,245.3
11/27/15,247.4,198,249.8,249.8,247.3
11/26/15,250,N/A,250,250,250
11/25/15,250,204,248.6,252.1,247.8
11/24/15,248.6,143,248.8,250,247.6
11/23/15,249.7,255,252.4,253,247.1
11/20/15,252.4,689,251,253.3,249.1
11/19/15,243.3,457,240.7,248.7,238.3
11/18/15,238.7,453,238,243.4,237
11/17/15,239.2,605,239,242.1,237.1
11/16/15,242.1,269,242.6,244.5,240.6
11/13/15,243.1,342,244.5,249.2,242.5
11/12/15,248.6,262,251.2,252,247.4
11/11/15,252.2,443,250.7,255.5,249.9
11/10/15,249,331,247,250.7,244.1
11/9/15,245.3,251,246.3,247.7,244.6
11/6/15,246.7,248,247.9,248.9,244.1
11/5/15,246.6,515,241,249.7,240.3
11/4/15,241,639,246,247.1,240.6
11/3/15,244.5,518,245.7,247,242.2
11/2/15,246.1,538,251.2,251.4,244.5
10/30/15,251.5,413,254.2,257,250.8
10/29/15,254.8,289,257,258.9,253.8
10/28/15,256.7,334,256,259.5,255
10/27/15,255,365,257.5,257.5,252.9
10/26/15,257.1,335,262.5,262.8,254.4
10/23/15,262.5,525,260,267,258.2
10/22/15,259.2,518,257.9,261.7,255.6
10/21/15,258.8,469,253.6,260.4,250.6
10/20/15,260,523,260.6,262.7,256.9
10/19/15,263.1,406,258.5,263.3,256.6
10/16/15,258.1,428,262,262,256.3
10/15/15,261.7,855,259,263.9,255.4
10/14/15,257,744,257.9,259.7,252
10/13/15,258.6,1353,254.2,264.4,252.5
10/12/15,254.4,673,245,254.4,245
10/9/15,244.4,466,245.8,246.9,240.9
10/8/15,237.5,358,237.5,241,234.9
10/7/15,235.4,640,231.7,240.4,229.9
10/6/15,232.2,760,226,234.3,225
10/5/15,224.3,272,222.3,225.2,222.3
10/2/15,221.4,369,223.8,225,218.5
10/1/15,224.6,760,227,229.9,222.5
9/30/15,229.2,815,226.3,230.4,224.4
9/29/15,220.4,710,216.5,225.9,214.7
9/28/15,216.2,314,218.4,219.5,214.4
9/25/15,216.6,386,218.5,220,216
9/24/15,216.9,752,218.5,220,215.6
9/23/15,217.3,631,224.5,226,216.5
9/22/15,224.2,482,226,228.6,223.1
9/21/15,228.7,388,231,231,225.5
9/18/15,231.8,385,233.3,234.3,228.3
9/17/15,234.3,392,242.1,242.6,232.8
9/16/15,242.5,338,238,244,236.5
9/15/15,239.3,343,243.8,243.7,238.2
9/14/15,248.2,441,249.2,249.7,239.6
9/11/15,248.2,704,248.9,249.9,244.5
9/10/15,242.1,711,240.1,242.2,234
9/9/15,232.2,493,231,235.8,230
9/8/15,228.5,378,228.5,233.1,227
9/7/15,228.4,N/A,228.4,228.4,228.4
9/4/15,228.4,286,226.5,230.8,226.5
9/3/15,225.9,686,226,230.5,225.8
9/2/15,223.6,435,224.5,228.7,221.9
9/1/15,223.7,369,222.8,226.6,220.9
8/31/15,222.6,332,223.3,224.4,221.1
8/28/15,224.6,371,226.8,227.3,223.5
8/27/15,229.5,414,221.7,231,221.7
8/26/15,222.7,305,224.6,226.6,220.5
8/25/15,224.6,875,226.3,226.5,220.8
8/24/15,226.5,700,227.6,228.3,226.5
8/21/15,245.4,1112,254,256.2,245.4
8/20/15,255.4,708,257.9,260.1,254.2
8/19/15,256.1,577,255.9,260.6,252.5
8/18/15,250.6,431,250.5,252.3,248.3
8/17/15,251.1,623,252.3,252.4,246.4
8/14/15,252.7,281,254.3,256.5,252
8/13/15,255.9,304,255.2,257.6,253.3
8/12/15,253.2,375,250.5,254.7,249.5
8/11/15,250.1,1055,256.2,259.2,249.1
8/10/15,259.1,284,259.3,261.9,258.5
8/7/15,259,313,258.8,260.5,257.4
8/6/15,260.8,556,261.7,264.5,259.6
8/5/15,261.3,536,261,263.3,255.6
8/4/15,258.7,479,258.6,260.4,256
8/3/15,260.3,811,252.5,261.7,251.2
7/31/15,252.1,763,255.4,255.4,250.8
7/30/15,251.8,739,252.6,253.7,250.5
7/29/15,251.6,484,259.5,259.6,251.2
7/28/15,256.1,449,258.1,261.3,255.4
7/27/15,257.7,648,266.2,266.7,256.7
7/24/15,266.7,281,271.3,275,266.1
7/23/15,269.4,368,271.4,273.1,266.7
7/22/15,265.1,461,269.4,271.7,264.7
7/21/15,266.5,489,272.5,272.5,266.3
7/20/15,272.6,439,276.9,277.4,269.1
7/17/15,278.2,300,282,282.4,277.4
7/16/15,280.5,390,284.4,285,279.2
7/15/15,284.4,240,287,288,284
7/14/15,287,332,290.5,294.5,285.6
7/13/15,293.5,344,295.6,297.7,290.7
7/10/15,293.2,555,296.4,299,292.5
7/9/15,289.5,729,284,293.2,282.1
7/8/15,283.2,539,283.1,289.4,282.2
7/7/15,282.3,444,284,285.4,281.1
7/6/15,284.9,460,285.7,288,282.8
7/3/15,285.7,N/A,285.7,285.7,285.7
7/2/15,285.7,241,285,288.6,284.9
7/1/15,284.7,256,286.4,286.4,284.4
6/30/15,285.3,386,288.7,290.2,285.1
6/29/15,290.2,236,290.4,292.3,288.9
6/26/15,291.1,369,294,294.9,290.5
6/25/15,292.8,207,291.6,293.6,291.3
6/24/15,290.2,363,291.8,292.7,287.5
6/23/15,289.7,389,293.8,295,288
6/22/15,294.9,320,300.1,301.5,293.1
6/19/15,301,303,301.8,302.6,299.8
6/18/15,301.8,317,301.2,302.5,297.3
6/17/15,298.7,551,292.1,300,290.6
6/16/15,293.1,282,296.2,296.3,291.1
6/15/15,296.4,498,293.1,300.8,291.8
6/12/15,296.1,471,289.2,296.6,286.9
6/11/15,291.3,519,294,295.3,286.7
6/10/15,296.7,1057,292.7,296.4,289.9
6/9/15,289.3,422,288.5,292,285.8
6/8/15,293.1,1093,291.7,297.1,290
6/5/15,291.2,889,285.7,291.4,282
6/4/15,283.5,1233,276.9,284.5,275.3
6/3/15,275.4,408,266,275.4,265.1
6/2/15,265.4,340,267.1,269.2,264
6/1/15,266.2,868,273,276.3,265.7
5/29/15,274.1,1074,274.4,278,272.6
5/28/15,272.5,784,274,274.5,271.6
5/27/15,274.4,468,274.2,275.6,271.8
5/26/15,276.2,713,277.2,280.6,271.8
5/25/15,273.8,N/A,273.8,273.8,273.8
5/22/15,273.8,280,270.1,274,268
5/21/15,269.6,617,273.7,275.5,267.3
5/20/15,272,975,261.5,272.5,258.7
5/19/15,262.5,452,262.1,265.4,258
5/18/15,257.7,269,253.4,258.6,253.4
5/15/15,252.2,441,258.5,264,251.6
5/14/15,256.3,603,249.4,256.8,247.1
5/13/15,246.8,483,242.3,249,242.1
5/12/15,243,280,246.3,246.4,241.7
5/11/15,246,290,243,247.7,242.5
5/8/15,243,397,242.2,245.3,240.7
5/7/15,245,463,250.1,250.5,242.1
5/6/15,250.1,446,248.7,253.6,247.7
5/5/15,248,467,250.6,250.6,247.3
5/4/15,251.1,686,257.8,258.6,250.9
5/1/15,258.8,612,254.4,259.6,252.5
4/30/15,253.8,530,250.1,255.9,248.3
4/29/15,248.6,1125,246.1,253.9,245.2
4/28/15,247.7,693,251.8,252,245.3
4/27/15,256.2,681,257.9,261,254.5
4/24/15,258.5,445,256.2,261.7,252.6
4/23/15,252.7,468,250,254.9,246.7
4/22/15,252.9,438,249.2,252.9,246
4/21/15,242.9,367,247.2,251.3,241.9
4/20/15,248.4,577,247.8,252.8,246.7
4/17/15,248,395,251,253.8,245.5
4/16/15,255.3,615,253,258.9,249.7
4/15/15,259.7,715,250,259.7,249.5
4/14/15,250.6,625,255.7,258,250.2
4/13/15,259.6,758,266.3,266.4,256.8
4/10/15,266.8,344,272.8,273.4,266.1
4/9/15,269.9,526,269,271.5,267.2
4/8/15,268.4,565,267.9,272.9,266.9
4/7/15,268.9,N/A,268.1,268.9,268.9
4/6/15,271.7,371,275.4,276.5,269.9
4/3/15,276.6,N/A,276.6,276.6,276.6
4/2/15,276.6,237,276.6,278.9,274
4/1/15,273,599,275.5,278,272.7
3/31/15,278.2,488,279.7,282.3,277
3/30/15,279.3,484,282.5,284.8,278.3
3/27/15,282.6,236,287,287.8,280.1
3/26/15,286,302,288.1,289.9,284.6
3/25/15,287.6,461,290,290.2,283.7
3/24/15,285.8,472,277.7,285.8,275.3
3/23/15,275.8,411,279.2,283.1,275.2
3/20/15,280.8,301,279.6,283.1,278.4
3/19/15,280.2,671,278.7,284,277.2
3/18/15,278.7,580,280.2,283.1,275.7
3/17/15,273.1,440,267.7,279.5,265.5
3/16/15,269.5,352,272.2,272.6,268.3
3/13/15,274,812,278,279,271.5
3/12/15,279.4,811,281.9,283.6,277.6
3/11/15,281.6,294,285.6,286.1,281.1
3/10/15,285,380,286,288.5,283.9
3/9/15,286.6,494,281.9,289,280.8
3/6/15,281.8,365,286.7,287.7,280.6
3/5/15,286.8,399,285.1,287.2,283.5
3/4/15,289.2,310,292.3,292.1,286.5
3/3/15,292.6,363,295,299.9,291.5
3/2/15,296.3,564,294,296.9,290.3
2/27/15,294.8,501,292,298,289
2/26/15,290,539,286,291.5,284.3
2/25/15,284.3,776,286.8,289.4,282.2
2/24/15,290.2,668,297,299.9,288.8
2/23/15,297.8,309,297.2,302.4,297.2
2/20/15,296,519,296.2,299.4,295
2/19/15,296.4,445,298,299,295.8
2/18/15,298.4,594,300.1,301.8,296.7
2/17/15,306.3,713,311.8,313.4,305.1
2/16/15,312.2,N/A,312.2,312.2,312.2
2/13/15,312.2,312,311.3,314.1,310.5
2/12/15,310.9,200,312.9,314.8,310.1
2/11/15,313.8,320,313.9,317.4,311.6
2/10/15,317.8,264,318.5,319.5,315.7
2/9/15,320.8,654,312.5,322.5,312.5
2/6/15,315.5,633,311.6,317.2,311.2
2/5/15,311.9,350,309.5,313.9,308.6
2/4/15,309.6,395,313.6,315.3,308.2
2/3/15,313.7,426,311.1,316.5,310.4
2/2/15,312.2,849,322.1,323.8,311.8
1/30/15,321.8,615,323.9,325.1,320.4
1/29/15,321.8,976,318.5,325.4,317
1/28/15,315.5,385,312.8,318,309.4
1/27/15,311.7,441,315.5,316,310.2
1/26/15,316.3,752,317.6,321.5,314.4
1/23/15,311.5,348,308.6,312.5,305
1/22/15,305.8,380,310,310.9,304.2
1/21/15,308.7,688,304.6,311,303.5
1/20/15,302.9,605,311.4,311.5,302.6
1/19/15,311.9,N/A,311.9,311.9,311.9
1/16/15,311.9,412,313.6,315,310.8
1/15/15,314.5,396,317.5,319.4,313.9
1/14/15,315,472,317.5,319.6,314
1/13/15,315.2,719,310.3,316.9,310.3
1/12/15,316.8,395,318.9,319.5,315.6
1/9/15,319,167,321,322.6,318.8
1/8/15,320.2,177,323,323.8,320.2
1/7/15,322.7,439,318.9,324.9,316.7
1/6/15,317.4,753,324.5,325.6,316.8
1/5/15,325.6,421,327,327.5,322.7
1/2/15,327.6,265,328.1,329.3,326.3
1/1/15,328.2,N/A,328.2,328.2,328.2
12/31/14,328.2,306,332.1,332.4,327.7
12/30/14,332.7,164,334.1,334.6,332.1
12/29/14,334.4,144,336.4,337.8,333.4
12/26/14,336.4,42,336.1,336.8,334.2
12/25/14,336.1,N/A,336.1,336.1,336.1
12/24/14,336.1,84,334.9,336.3,334.2
12/23/14,335.1,270,335.3,336.7,334.2
12/22/14,335.3,413,338.9,339.7,333.8
12/19/14,338,327,335.8,338.6,335.6
12/18/14,336.9,182,337.2,339.6,335.9
12/17/14,334.2,275,333.4,336.9,332.5
12/16/14,332.2,218,336.3,336.7,331.3
12/15/14,335.6,289,338,340,334.9
12/12/14,340.3,362,340.5,342,338.1
12/11/14,336.2,544,333.4,339.1,333.4
12/10/14,331.8,N/A,331.8,331.8,331.8
12/9/14,333.9,730,339.3,342,332.6
12/8/14,341.6,577,338.7,342.1,338.5
12/5/14,339,712,337.9,342.3,334.2
12/4/14,333.5,306,333.3,335.3,332.3
12/3/14,331.2,231,332,333,330.5
12/2/14,328.9,329,329.2,332.7,327.7
12/1/14,326.6,529,326.6,329,326.1
11/28/14,327.7,216,327.5,330.5,327.3
11/27/14,328.8,N/A,328.8,328.8,328.8
11/26/14,328.8,178,328.6,330.3,327.4
11/25/14,330,296,332.6,333.7,328.2
11/24/14,334.7,238,334.1,336.7,332.5
11/21/14,333,520,331.9,334.9,328.7
11/20/14,327.4,302,326.5,327.8,323.5
11/19/14,317.8,385,318.6,328.2,316.3
11/18/14,318.7,340,315.9,320,315.3
11/17/14,315.9,483,318,318.4,315.8
11/14/14,319.9,323,325.4,325.7,319.5
11/13/14,323.5,220,326.8,327,322.8
11/12/14,322.6,244,322.9,327.8,322.1
11/11/14,322.6,152,323.2,324.1,321.3
11/10/14,323.4,125,324.7,324.8,322
11/7/14,322.9,209,326.1,327.4,322.8
11/6/14,325.9,624,325.6,330.8,323.8
11/5/14,324.4,425,321.6,326.5,319.7
11/4/14,322.1,384,322.6,324,320.2
11/3/14,324.5,357,325.3,326.7,322.6
10/31/14,324.1,260,325,326,322.9
10/30/14,322.6,485,322.3,325,320.2
10/29/14,320.9,816,327,327.7,318.8
10/28/14,326,948,335,337.7,325.7
10/27/14,335.7,358,338.5,339.8,334.8
10/24/14,338.5,451,336.5,340.3,334.8
10/23/14,331.9,334,333.9,336.5,331.6
10/22/14,330.8,359,332.6,333.2,330.7
10/21/14,332.6,254,333.4,336.5,332.1
10/20/14,334.5,261,335.1,336.7,333.1
10/17/14,336.7,162,338.8,340,336.8
10/16/14,335.1,321,336.8,338,334.7
10/15/14,336.2,571,344.7,345.8,335.2
10/14/14,342.5,262,342.2,344.1,341.1
10/13/14,342.2,192,343.1,344.8,341.6
10/10/14,342.7,389,344.6,345.6,342.4
10/9/14,345.3,252,346.9,346.9,343.3
10/8/14,346.1,257,348.6,349.9,345.2
10/7/14,347.3,410,350,352,346.7
10/6/14,350.2,504,348.8,352.7,348.2
10/3/14,349.2,644,351,352.6,347.7
10/2/14,347.8,564,344.5,347.8,342.8
10/1/14,337.8,1015,335.1,342.9,330.1
9/30/14,332.9,623,333.9,338.9,329.9
9/29/14,328.9,557,327,329.5,325.3
9/26/14,327.2,320,326,327.8,325.3
9/25/14,326,325,331.2,332.8,325.6
9/24/14,330.2,308,329.7,333.6,328.7
9/23/14,332,374,332.9,336.6,325.4
9/22/14,326.6,336,329,329.8,325.5
9/19/14,329,221,330.9,332.4,328.8
9/18/14,329.9,511,327.8,333,326.2
9/17/14,329,581,331.5,334.5,328.5
9/16/14,336,356,337.1,338.5,334.5
9/15/14,338.6,413,335.9,341.3,335.5
9/12/14,336.6,231,336.8,338.9,334.1
9/11/14,336.9,199,335,337.5,333.2
9/10/14,334.7,330,338.9,339.4,333
9/9/14,337.8,366,333.5,339.7,333.1
9/8/14,334.4,394,332.6,335.8,332.2
9/5/14,332.1,634,339,340.5,330.9
9/4/14,340.1,526,347.2,348,338.2
9/3/14,348,226,346.4,348.4,345.6
9/2/14,346.3,270,345.3,347.2,344.5
9/1/14,343.9,N/A,343.9,343.9,343.9
8/29/14,343.9,200,345,346.2,343.1
8/28/14,342.7,226,343.4,347.1,341.9
8/27/14,343.4,248,345.5,347.3,344
8/26/14,346.6,404,352,352,345.4
8/25/14,352.9,380,350.3,354.3,349.1
8/22/14,351,435,353.8,353.9,350.3
8/21/14,355.6,299,355.3,356.5,352
8/20/14,355,318,355.3,356.3,351.1
8/19/14,352.6,436,350.9,353.8,347
8/18/14,347.1,299,348,349.1,343.3
8/15/14,345.4,405,346.5,350.5,345.4
8/14/14,344.1,297,344.9,348.6,341.7
8/13/14,346.7,275,345.7,348.6,345.1
8/12/14,344.1,260,346,347,342.1
8/11/14,346,404,345.9,350.6,343.7
8/8/14,344.9,719,348.7,350.1,345.9
8/7/14,346.3,1200,343.5,346.3,337.3
8/6/14,336.3,473,334.3,338.4,333.5
8/5/14,330.5,398,327,333.5,325.1
8/4/14,325.9,352,325,328.3,323.6
8/1/14,324.1,496,326.9,327.1,323.6
7/31/14,324.4,434,328.7,330.5,325.6
7/30/14,322.3,459,322.4,331,321.5
7/29/14,322,251,321.3,326,320.9
7/28/14,323,296,323.5,324,320.7
7/25/14,325.5,181,326,328.2,325.1
7/24/14,325.8,342,332.8,332.8,323.5
7/23/14,333.4,147,332.5,334.8,330.7
7/22/14,332.4,463,329.1,336.2,327.5
7/21/14,326.3,220,327.1,329.7,325.6
7/18/14,325.9,255,325.1,327,323.1
7/17/14,324,451,326.2,330.4,323.2
7/16/14,331,329,332.8,334,328
7/15/14,336.3,193,336.6,338.2,332
7/14/14,337.8,238,333.7,339.2,333.4
7/11/14,333.9,277,337.8,338.6,332.2
7/10/14,339,271,341.7,342,337.1
7/9/14,339,488,331.9,341.6,331.1
7/8/14,332.1,394,334.3,335,330.5
7/7/14,337.7,324,339,339.1,334.8
7/4/14,338.1,N/A,338.1,338.1,338.1
7/3/14,338.1,225,338.8,340,336.3
7/2/14,337.8,250,332.6,338.8,332.3
7/1/14,333,179,334.7,334.9,332.5
6/30/14,335.8,270,336.9,337.8,334.9
6/27/14,336.7,445,340.6,341.8,330.5
6/26/14,340.5,629,336.5,340.6,334.5
6/25/14,335.8,344,333.9,336.2,331
6/24/14,333.3,616,333.6,337.4,328.9
6/23/14,332,404,331.3,333.7,330
6/20/14,327.2,627,325.5,327.9,319.1
6/19/14,317.9,303,314.7,318.3,311.5
6/18/14,308.3,228,308.7,311.9,306.1
6/17/14,308.2,382,308.4,309.5,303.9
6/16/14,308.2,436,306.7,309.9,305.7
6/13/14,306.5,433,303.8,309.7,302
6/12/14,300.2,573,297,302,297
6/11/14,297,555,297.6,298.8,295
6/10/14,299.2,549,304.9,308.2,297
6/9/14,304.6,453,305.2,308.8,303.2
6/6/14,306.5,241,305.1,307.8,303.1
6/5/14,306.3,431,309,310.3,303.3
6/4/14,307.8,347,308.9,309.8,305.8
6/3/14,308,282,310,310.7,307.2
6/2/14,310.7,573,312.3,314.8,309
5/30/14,312.3,1035,312.7,313.1,309.8
5/29/14,312.1,543,312.7,314.3,311.7
5/28/14,312,482,316.8,316.9,312.1
5/27/14,316.9,320,317.9,320.5,316.1
5/26/14,317.3,N/A,317.3,317.3,317.3
5/23/14,317.3,301,317.5,319.3,314.7
5/22/14,314.9,537,319.8,321.6,312.8
5/21/14,319.6,340,320.5,323.8,318.1
5/20/14,321,427,324.4,325.3,319
5/19/14,325.2,217,325.9,327.8,324.1
5/16/14,324.2,538,332.5,333.9,325.5
5/15/14,329.6,449,338.4,338.9,330
5/14/14,339.4,250,341.2,341.9,338
5/13/14,342.1,312,343.6,343.7,339.4
5/12/14,343.7,248,342.8,344.6,342.5
5/9/14,343,183,342.8,343.5,341.1
5/8/14,342.8,254,342,344.5,341.1
5/7/14,340.8,287,339.6,343,338.1
5/6/14,341.7,333,339.1,344.4,338.1
5/5/14,342.4,286,341,343.8,339.3
5/2/14,341.5,562,333,342.2,333
5/1/14,334.1,237,330.6,333.8,328.4
4/30/14,331.2,201,333.5,334.6,330.1
4/29/14,333.5,128,329.1,333.1,328.9
4/28/14,329.7,124,330.4,333.8,328.5
4/25/14,331.2,162,329,333.1,329
4/24/14,327.6,144,327.4,329.9,324.3
4/23/14,327.9,273,335,335,324
4/22/14,332.3,389,331.5,335.2,331.2
4/21/14,331.5,591,321.2,331.5,321.2
4/18/14,329.7,N/A,329.7,329.7,329.7
4/17/14,329.7,184,327.9,330,324.1
4/16/14,328.8,497,325.2,330.1,323
4/15/14,324.2,401,323.2,325.7,321.4
4/14/14,323.5,346,328.4,329.8,321.3
4/11/14,328.3,396,331.9,332,325.9
4/10/14,333.2,395,335,337.5,330.4
4/9/14,334.3,722,328.3,338.2,326.8
4/8/14,328.8,354,330.7,333.9,325.8
4/7/14,330.7,204,326.7,331.6,326.4
4/4/14,328.4,322,327.1,329.4,325.7
4/3/14,328.9,396,334.6,334.7,327.1
4/2/14,334.6,530,344.1,344.4,332.4
4/1/14,341,939,336.9,345.8,336.1
3/31/14,335.8,593,334.3,339.8,333.6
3/28/14,334.4,361,333.1,338.1,332.3
3/27/14,335.5,382,327,335.1,325.2
3/26/14,326.2,382,330.2,332,326.1
3/25/14,330.6,249,333,335.5,329.8
3/24/14,333.4,205,333.8,335,330.3
3/21/14,335,247,340.2,340.5,333
3/20/14,340.4,378,336.4,340.8,334
3/19/14,337.6,429,335.1,338.1,329.6
3/18/14,333,733,329.6,336.7,324.5
3/17/14,330.5,833,337,337,330.5
3/14/14,340.5,629,345.9,345.9,340.5
3/13/14,350.5,513,355.2,356.4,346.3
3/12/14,356.3,460,360.5,361.8,351.7
3/11/14,359.9,276,362.4,362.8,358.8
3/10/14,360.8,343,359.1,362.4,357.9
3/7/14,358.6,287,358,360,355.1
3/6/14,355.7,239,354.7,358.2,353.9
3/5/14,355.5,204,353.5,356.6,351
3/4/14,353.6,256,354.9,357.5,352.1
3/3/14,357.6,410,351.4,357.9,349.5
2/28/14,352.2,432,354.8,355.2,349.5
2/27/14,354.5,209,353.6,355,351.5
2/26/14,353.6,542,359,359.5,352
2/25/14,360.2,385,363.9,364.6,356.8
2/24/14,364.2,378,363.8,365.3,363.5
2/21/14,362.3,292,358,364.6,357.9
2/20/14,356.7,309,359.6,360.6,355.6
2/19/14,360,248,359.7,361.1,357.7
2/18/14,359.1,189,360.1,362.2,357.9
2/17/14,360.5,N/A,360.5,360.5,360.5
2/14/14,360.5,158,363,363.4,360
2/13/14,359.3,341,357.3,364.5,354.6
2/12/14,354.2,499,359,359,352.1
2/11/14,359,547,359.7,362,356.5
2/10/14,357.9,477,353.3,362.4,353
2/7/14,354.2,317,354.5,356.5,353.2
2/6/14,352.2,254,357.1,357.3,352.5
2/5/14,355.1,671,353.1,360,350.2
2/4/14,351.2,265,351.7,353,348.7
2/3/14,349.4,614,356.6,357.4,349.1
1/31/14,353.8,811,362,364,351.8
1/30/14,358.9,773,355.8,361.5,355
1/29/14,351.5,345,351.7,355.7,351.2
1/28/14,351.2,571,354.6,356.9,351
1/27/14,354.4,495,356.2,358.4,354.2
1/24/14,357.4,670,364.8,364.8,356.5
1/23/14,363.9,338,368.9,369.4,362.7
1/22/14,367.2,221,367.1,370.1,366
1/21/14,366.4,342,370.7,372.2,365.4
1/20/14,369.8,N/A,369.8,369.8,369.8
1/17/14,369.8,212,369.9,373,368
1/16/14,366.7,222,367.7,371,364.2
1/15/14,365.4,350,369.8,370,363.4
1/14/14,368.8,146,368.6,371,367.7
1/13/14,367.8,303,368.6,371.5,367.5
1/10/14,368.6,392,369.8,373,366.6
1/9/14,369.3,376,363.5,369.3,362.6
1/8/14,359.3,437,360,365.6,357.7
1/7/14,359.4,458,358,365.6,356
1/6/14,357,493,361.2,362.4,356.2
1/3/14,360.7,323,364.1,364.1,360
1/2/14,361.3,632,370,370.4,359.4
1/1/14,369,N/A,369,369,369
12/31/13,369,177,373.6,375.9,367.9
12/30/13,374.6,435,376.1,377.3,373.1
12/27/13,376.2,293,382.6,383.1,376.1
12/26/13,382.8,114,380.3,383.4,380.2
12/25/13,381.7,N/A,381.7,381.7,381.7
12/24/13,381.7,160,381.6,383.5,380.6
12/23/13,382.2,353,379.6,381.7,379.6
12/20/13,380.1,308,376.7,379.7,375.8
12/19/13,377.6,307,375.7,378.5,375.2
12/18/13,374.5,354,368,377.2,367.5
12/17/13,367.2,155,366.8,371.9,366.6
12/16/13,367.4,276,369,373,365.1
12/13/13,369,197,368.7,369.1,367
12/12/13,357.6,569,354.4,365,352.2
12/11/13,355,487,351.7,358,351.3
12/10/13,348,501,343.8,350.7,343
12/9/13,344,15,343.8,345,343.8
12/6/13,344.8,431,349.1,350.6,344.5
12/5/13,349.1,16,349.1,349.1,349.1
12/4/13,352.2,N/A,352.2,352.2,352.2
12/3/13,353.2,10,355.8,356.1,354.7
12/2/13,362.2,2,362.2,362.2,362.2
11/29/13,364.8,526,361.4,370.8,361.4
11/28/13,361.2,N/A,361.2,361.2,361.2
11/27/13,361.2,229,361.8,363.4,360.3
11/26/13,360.2,N/A,360.2,360.2,360.2
11/25/13,361.5,N/A,361.5,361.5,361.5
11/22/13,359.6,508,361,367.5,355
11/21/13,361,1,361,361,361
11/20/13,365.5,N/A,365.5,365.5,365.5
11/19/13,363,N/A,363,363,363
11/18/13,363.3,1,363.3,363.3,363.3
11/15/13,363.5,433,360.3,366,357
11/14/13,360.3,2,360.3,360.3,360.3
11/13/13,368.5,1,368.5,368.5,368.5
11/12/13,368.6,1,368.6,370,368.6
11/11/13,377.3,2,376,377.4,376
11/8/13,374.7,509,375.5,379.8,373.1
11/7/13,378.6,198,375.5,379.8,375.5
11/6/13,370.3,3,369.7,370.3,369.7
11/5/13,369.7,3,370,370,369.7
11/4/13,373.5,N/A,373.5,373.5,373.5
11/1/13,368.1,318,371,373,367.8
10/31/13,371.8,N/A,371.8,371.8,371.8
10/30/13,375.4,N/A,375.4,375.4,375.4
10/29/13,372,4,372,372.4,372
10/28/13,365.6,18,368.2,368.2,365.6
10/25/13,373.8,610,364,373.8,364
10/24/13,364,1,364,364,364
10/23/13,360.9,1,360.9,360.9,360.8
10/22/13,367.3,1,367.3,367.3,367.3
10/21/13,363.5,1,363.5,363.5,363.5
10/18/13,364.5,314,364.5,368.7,363.6
10/17/13,363.6,4,364.5,364.5,363.6
10/16/13,342.6,3,342.7,343.5,342.6
10/15/13,337.7,2,336.5,337.7,336.5
10/14/13,335.9,1,335.9,335.9,335.9
10/11/13,331.2,390,338.2,339.5,331
10/10/13,337.7,2,338.2,338.2,337.6
10/9/13,344,16,342.9,344.8,342.4
10/8/13,335.1,7,335.7,335.7,335.1
10/7/13,332.1,3,332,332.1,332
10/4/13,336.8,337,335.4,337.9,332.8
10/3/13,335.3,N/A,335.3,335.3,335.3
10/2/13,337.2,4,337.3,337.3,337.2
10/1/13,336.8,1,336.8,336.8,336.7
9/30/13,344.5,1,344.5,344.5,344.5
9/27/13,341.8,411,342.3,344.4,341.6
9/26/13,342.3,1,342.3,342.3,342.3
9/25/13,345.1,18,346.9,346.9,344.5
9/24/13,354.7,8,355,355,354.5
9/23/13,354,1,354,354,354
9/20/13,354.2,996,355.7,363.4,348.6
9/19/13,355.1,18,355.7,356,351.5
9/18/13,349.4,4,351.1,351.7,349.4
9/17/13,345,21,343,345.9,343
9/16/13,338.4,1,338.4,338.4,338.4
9/13/13,344,861,336.5,344.3,333.9
9/12/13,337.4,22,336.5,337.6,334.5
9/11/13,334.5,42,332.2,335.7,332.2
9/10/13,328.4,1,328.4,328.4,328.4
9/9/13,330.8,1,330.8,330.8,330.8
9/6/13,331.9,429,330.8,335.8,328.1
9/5/13,330.1,4,330.8,331,330.1
9/4/13,331.5,4,334,334.5,331.5
9/3/13,324.7,19,325.7,327.8,324.7
9/2/13,318.9,N/A,318.9,318.9,318.9
8/30/13,318.9,387,317.5,319.2,313.4
8/29/13,316.3,19,317.5,317.5,315.2
8/28/13,307.7,15,307,308.5,307
8/27/13,304.5,N/A,304.5,304.5,304.5
8/26/13,307.5,12,308.9,309.7,307.5
8/23/13,313.1,467,318,319.8,312.2
8/22/13,318.7,6,318,318.7,318
8/21/13,313.1,3,314.6,314.6,313.1
8/20/13,317.3,N/A,317.3,317.3,317.3
8/19/13,313.8,3,313.5,313.8,313.5
8/16/13,318.6,274,323,324.5,317.2
8/15/13,323.6,N/A,323.6,323.6,323.6
8/14/13,323.9,1,323.9,323.9,323.9
8/13/13,320.3,3,321,321,320.3
8/12/13,320,36,320.5,320.9,319.2
8/9/13,308.5,233,307.3,309,305.2
8/8/13,307.3,1,307.3,307.3,307.3
8/7/13,306.9,2,306,307,306
8/6/13,309.4,15,307.7,309.4,307
8/5/13,300,N/A,300,300,300
8/2/13,307.4,538,310.3,310.3,303.9
8/1/13,310.3,1,310.3,310.3,310.3
7/31/13,307.2,45,311.5,311.5,307.2
7/30/13,324.4,N/A,324.4,324.4,324.4
7/29/13,328,1,328,328,328
7/26/13,322.7,213,321.1,327,320.3
7/25/13,321.1,1,321.1,321.1,321.1
7/24/13,319.8,10,320.5,321,319.8
7/23/13,322.4,52,325.5,326.9,322.3
7/22/13,339,37,337,339,337
7/19/13,326.9,487,333.7,334,326
7/18/13,330,25,333.7,333.7,329.3
7/17/13,329.5,40,329,330,328
7/16/13,318,23,318.3,319.7,318
7/15/13,311.6,29,314.4,314.4,311.6
7/12/13,316,377,315.8,318.9,313.7
7/11/13,317.5,27,315.8,317.5,313.7
7/10/13,321.1,2,321.1,321.6,321.1
7/9/13,313.9,60,314.4,315,313.9
7/8/13,301,15,302.2,303,301
7/5/13,309.5,346,308,312.3,306
7/4/13,307.9,N/A,307.9,307.9,307.9
7/3/13,307.9,350,300.3,307.9,300.3
7/2/13,304.9,62,300.3,307.9,300.3
7/1/13,297.6,N/A,297.6,297.6,297.6
6/28/13,299,371,304,306.4,298.6
6/27/13,305.2,11,304,306.4,304
6/26/13,303.7,21,302,304.5,302
6/25/13,292,3,291.4,292,291.4
6/24/13,292.6,4,292.1,292.6,291.9
6/21/13,291.7,308,288.1,294.4,286.9
6/20/13,287.5,4,288.1,288.1,287.5
6/19/13,287.7,N/A,287.7,287.7,287.7
6/18/13,283.8,2,284,284,283.8
6/17/13,285,1,285,285,285
6/14/13,287,193,288.5,289.5,286.2
6/13/13,288,6,288.5,288.5,288
6/12/13,294,9,295,295,293
6/11/13,298.1,13,300.6,300.6,298
6/10/13,306.7,1,306.7,306.7,306
6/7/13,308.9,350,307.2,311.2,302.1
6/6/13,307.7,N/A,307.7,307.7,307.7
6/5/13,309.2,23,308.5,312,308.5
6/4/13,294.3,14,296.3,296.3,294.3
6/3/13,308.9,1,308.9,308.9,308.9
5/31/13,306.3,1398,295.8,306.9,293.6
5/30/13,294.4,25,295.8,295.9,293.7
5/29/13,279.4,96,282.3,282.3,276.7
5/28/13,283.6,48,285.9,285.9,281.4
5/27/13,297.4,N/A,297.4,297.4,297.4
5/24/13,297.4,701,306,306.5,294
5/23/13,305.5,11,306,306.5,305.4
5/22/13,307.2,19,309,311.5,307.2
5/21/13,305.2,41,311,311,304.7
5/20/13,320.9,4,320.5,320.9,320.5
5/17/13,315.8,447,315,317.3,312.3
5/16/13,316,20,315,316.4,315
5/15/13,321.1,5,321.6,321.6,320.5
5/14/13,323.2,22,325.9,325.9,323
5/13/13,336.7,N/A,336.7,336.7,336.7
5/10/13,338.3,458,337.9,341.9,336.2
5/9/13,339,72,337.9,341.9,337.3
5/8/13,339.5,4,338.3,339.6,338.3
5/7/13,340.7,29,339.2,342.7,339.2
5/6/13,344.2,1,344.2,344.2,344.2
5/3/13,343.1,564,343.8,348.9,341.5
5/2/13,344.4,9,343.8,344.8,343.8
5/1/13,341.5,3,341.5,341.5,340.8
4/30/13,351,1,351,351,351
4/29/13,350,16,350.8,350.8,349.9
4/26/13,355.3,500,360.7,365.3,355
4/25/13,365.2,52,360.7,365.3,360.7
4/24/13,358,4,358.3,359.4,358
4/23/13,359.7,1,359.7,359.7,359.7
4/22/13,362,N/A,362,362,362
4/19/13,360.6,386,360.6,364,359.5
4/18/13,361.4,21,360.6,361.6,360.6
4/17/13,362.7,N/A,362.7,362.7,362.7
4/16/13,367.8,4,368,368.1,367.8
4/15/13,361.8,51,359.5,362.8,359.5
4/12/13,371.4,397,373.1,374,370
4/11/13,373.9,2,373.1,373.9,373.1
4/10/13,375.5,2,374.6,377,374.6
4/9/13,374.4,16,375.5,375.5,374.2
4/8/13,377.7,1,377.7,377.7,377.7
4/5/13,374.1,911,380.3,381.8,371.8
4/4/13,380.5,2,380.3,380.5,380.3
4/3/13,378.5,12,378.8,379.5,378.5
4/2/13,380.9,2,379.7,380.9,379.7
4/1/13,387.8,1,387.8,387.8,387.8
3/29/13,391.2,N/A,391.2,391.2,391.2
3/28/13,391.2,752,382.8,391.2,381.2
3/27/13,382.9,4,382.8,382.9,381.2
3/26/13,385.7,5,385.5,385.7,385.5
3/25/13,383.6,N/A,382.5,383.6,383.6
3/22/13,381.9,613,385,388,379.2
3/21/13,387.9,11,385,385,383
3/20/13,391,8,390.1,391.5,390
3/19/13,388.2,27,387.9,392,387.9
3/18/13,392.9,60,391.1,392.9,390
3/15/13,404.4,426,408,409,402.2
3/14/13,407.9,665,409.8,411.5,405
3/13/13,407.9,13,409.8,410,407.9
3/12/13,400,2,400,400,400
3/11/13,396.6,2,396.5,396.6,396.5
3/8/13,397.1,445,402.8,403.6,395.7
3/7/13,398.2,81,402.8,403.6,398.2
3/6/13,388.1,6,388.8,388.8,388.1
3/5/13,395,5,392.9,395,392.8
3/4/13,394,20,394.3,394.3,394
3/1/13,395.8,693,390,395.8,390
2/28/13,395.8,139,390,395.8,390
2/27/13,378.1,5,377.9,378.1,377.9
2/26/13,380,8,379,380,379
2/25/13,368.8,50,371.4,372.5,368.8
2/22/13,382.5,450,383.7,388,382.5
2/21/13,383.5,5,383.7,383.7,383.5
2/20/13,383,28,383.9,383.9,381.1
2/19/13,384.5,26,386.2,386.2,384.5
2/18/13,399.8,N/A,399.8,399.8,399.8
2/15/13,399.8,794,395.1,399.8,394.6
2/14/13,394.8,16,395.1,395.1,394.8
2/13/13,395,12,394.4,395,393.3
2/12/13,390.6,6,390.1,390.6,390.1
2/11/13,382.1,7,383,383,382.1
2/8/13,387.8,596,386,391.8,383.2
2/7/13,384.4,29,386,386.9,383.2
2/6/13,383.1,199,389.8,390.4,382.5
2/5/13,381.3,33,380.1,382,379.5
2/4/13,370.6,1582,365.8,376.4,360.8
2/1/13,362.7,833,358,362.7,358
1/31/13,361.5,176,358,361.9,358
1/30/13,347,15,346.3,347.8,346.3
1/29/13,350.6,68,351,352,350.2
1/28/13,351.3,8,352,352,351.3
1/25/13,358.8,728,360,362,355
1/24/13,361.9,15,360,361.9,360
1/23/13,356.4,6,357.7,358,356.4
1/22/13,354.6,6,354.6,354.6,354.6
1/21/13,362.3,N/A,362.3,362.3,362.3
1/18/13,362.3,1839,369,374.9,359.4
1/17/13,369.6,6,369,369.6,368.1
1/16/13,374.8,17,375.4,375.4,374.2
1/15/13,379.3,10,378,379.4,377.3
1/14/13,387,7,386.8,387,386.8
1/11/13,380.9,333,378.6,380.6,377.2
1/10/13,377.7,7,378.6,378.6,377.7
1/9/13,373.2,375,376,379,372.9
1/8/13,373.2,6,376,376,373.2
1/7/13,381,3,382.1,382.1,381
1/4/13,376,674,374.3,379.4,370.3
1/3/13,374,11,374.3,374.3,373
1/2/13,377.5,659,375,382.5,374.9
1/1/13,375.1,N/A,375.1,375.1,375.1
12/31/12,375.1,925,381.5,381.5,374.8
12/28/12,384.8,705,392.2,394.4,383.2
12/27/12,392.2,1,392.2,392.2,392.2
12/26/12,398,14,397.9,398,394.1
12/25/12,384.5,N/A,384.5,384.5,384.5
12/24/12,384.5,449,376.5,384.5,376.5
12/21/12,374.5,574,374.5,374.5,374.5
12/20/12,374.9,15,374.9,374.9,374.9
12/19/12,365.7,8,365.7,365.7,365.7
12/18/12,366.6,1,366.6,366.6,366.6
12/17/12,359.5,8,359,359.6,359
12/14/12,355,1226,347,355,346.9
12/13/12,348.6,546,348.9,349.7,344.6
12/12/12,348.6,15,348.9,349.7,347.9
12/11/12,348,8,347,348,347
12/10/12,345,15,344.2,345.3,344.2
12/7/12,343.2,729,348.5,351.8,341.6
12/6/12,349,98,348.5,350.5,348
12/5/12,335.7,3,334.8,335.7,334.8
12/4/12,334.9,9,334.9,335.8,334.9
12/3/12,336.1,8,336.1,336.1,334.6
11/30/12,340.1,550,342.6,343,336.2
11/29/12,343,8,342.6,343,342.6
11/28/12,339.4,38,339.6,339.6,337.6
11/27/12,334.2,141,330.3,334.9,330.2
11/26/12,321.6,8,321.5,321.6,321.3
11/23/12,318.1,210,321.2,322.9,318.6
11/22/12,318.6,N/A,318.6,318.6,318.6
11/21/12,318.6,887,323.5,324.5,317.2
11/20/12,323.1,8,323.5,323.5,322.9
11/19/12,330.9,3,330.9,330.9,330.5
11/16/12,325.5,534,324.5,329.1,322.4
11/15/12,324.5,2,324.5,324.5,324.5
11/14/12,326.8,16,325.8,326.8,325.8
11/13/12,326.8,2,326.4,326.8,326.4
11/12/12,328.7,10,328.7,328.7,328.7
11/9/12,332.2,563,324.7,332.2,324
11/8/12,328.6,624,328.6,329.9,321.9
11/7/12,328.6,11,328.6,328.6,328.6
11/6/12,338,81,335.8,339,335.8
11/5/12,325,521,321.6,325.7,321.6
11/2/12,321.4,944,330.2,330.2,321.5
11/1/12,327.3,36,330.2,330.2,327.3
10/31/12,333.8,96,332.8,334.7,331.5
10/30/12,323.1,N/A,323.1,323.1,323.1
10/29/12,323.1,6,323.7,324.3,323.1
10/26/12,320.8,329,317,322.1,316.5
10/25/12,322.6,1400,322.6,326.4,311.4
10/24/12,322.6,1,322.6,322.6,322.6
10/23/12,310.4,390,310.4,314.5,310.1
10/22/12,310.4,2,310.4,310.4,310.4
10/19/12,310.8,524,315.7,318.7,310
10/18/12,315,18,315.7,315.7,315
10/17/12,312.4,28,314.1,314.1,311.8
10/16/12,311.4,168,309.5,311.4,309
10/15/12,296.9,1,296.9,296.9,296.9
10/12/12,297.1,316,295.8,297.8,295.5
10/11/12,295.8,1,295.8,295.8,295.8
10/10/12,280.5,35,279.8,281.1,279.1
10/9/12,274.6,7,274.4,275.9,274.4
10/8/12,274.5,240,274.2,274.8,272.6
10/5/12,276.1,327,276,277,273.7
10/4/12,276,1,276,276,276
10/3/12,278.2,708,280.5,282.7,275.6
10/2/12,285.4,702,285,288.8,280.2
10/1/12,285.4,5,285,285.5,285
9/28/12,279,1468,274,281.2,274
9/27/12,274.2,66,274,277.1,274
9/26/12,271.5,9,270.4,271.5,270.4
9/25/12,273.4,10,273.4,273.4,273.4
9/24/12,274.9,1,274.9,274.9,274.9
9/21/12,278,609,278,281.8,277.3
9/20/12,278.3,13,278,278.3,277.9
9/19/12,274.8,3,275.1,275.1,274.8
9/18/12,273.8,3,274.2,274.2,273.7
9/17/12,276.8,5,276.2,276.8,276.2
9/14/12,277.3,505,276,280.8,276
9/13/12,277.6,522,275.2,277.8,271.4
9/12/12,277.6,39,275.2,277.8,274.6
9/11/12,275.9,33,276.2,277,275.9
9/10/12,272.6,13,273.2,273.2,272.6
9/7/12,275,661,281.9,281.9,273.1
9/6/12,281,3,281.9,281.9,281
9/5/12,279.3,16,279.7,280.3,279.3
9/4/12,278.7,1,278.7,278.7,278.7
9/3/12,283,N/A,283,283,283
8/31/12,283,483,285.1,288.5,284.1
8/30/12,285.1,1,285.1,285.1,285.1
8/29/12,284.1,1,284.1,284.1,284.1
8/28/12,284.3,8,283.5,284.3,283.5
8/27/12,292.6,10,292.5,293.8,292.3
8/24/12,291.9,280,293,295.6,291
8/23/12,293,10,293,293,293
8/22/12,292.1,4,292.1,292.1,292.1
8/21/12,293,40,294.9,295,293
8/20/12,296.7,22,295.8,296.7,295.1
8/17/12,303.4,381,302.5,306.7,300.6
8/16/12,302.2,16,302.5,302.5,301.2
8/15/12,306.9,3,306.6,306.9,306.6
8/14/12,305.5,20,307.2,307.3,305.5
8/13/12,306.8,16,308.1,308.5,306.8
8/10/12,303.2,1313,293.9,303.2,290.8
8/9/12,295,643,294,296.4,293.3
8/8/12,295,62,294,295,294
8/7/12,289.6,58,289.5,289.5,289.5
8/6/12,286.7,5,286.7,286.7,286.7
8/3/12,286.4,270,286.7,288.5,285.8
8/2/12,287.5,47,286.7,287.5,286.5
8/1/12,285,24,285,285,285
7/31/12,280.3,123,281.1,281.3,279.9
7/30/12,282.7,49,282.8,283.8,282.7